-- Backup created on 2025-11-17 16:54:49

--
-- Table structure for table `Class`
--
DROP TABLE IF EXISTS `Class`;
CREATE TABLE `Class` (
  `ID` int(5) NOT NULL AUTO_INCREMENT,
  `Name` varchar(40) NOT NULL,
  PRIMARY KEY (`ID`)
) ENGINE=InnoDB AUTO_INCREMENT=9 DEFAULT CHARSET=utf8mb4 COLLATE=utf8mb4_unicode_ci;

--
-- Dumping data for table `Class`
--
INSERT INTO `Class` (`ID`, `Name`) VALUES ('1', 'Танк');
INSERT INTO `Class` (`ID`, `Name`) VALUES ('2', 'ПВО');
INSERT INTO `Class` (`ID`, `Name`) VALUES ('3', 'Средства разведки, управления и РЭБ');
INSERT INTO `Class` (`ID`, `Name`) VALUES ('6', 'Истребитель');
INSERT INTO `Class` (`ID`, `Name`) VALUES ('7', 'Вертолёт');
INSERT INTO `Class` (`ID`, `Name`) VALUES ('8', 'Бомбардировщик');

--
-- Table structure for table `Country`
--
DROP TABLE IF EXISTS `Country`;
CREATE TABLE `Country` (
  `ID` int(5) NOT NULL AUTO_INCREMENT,
  `Name` varchar(40) NOT NULL,
  PRIMARY KEY (`ID`)
) ENGINE=InnoDB AUTO_INCREMENT=8 DEFAULT CHARSET=utf8mb4 COLLATE=utf8mb4_unicode_ci;

--
-- Dumping data for table `Country`
--
INSERT INTO `Country` (`ID`, `Name`) VALUES ('1', 'СССР');
INSERT INTO `Country` (`ID`, `Name`) VALUES ('2', 'Россия');
INSERT INTO `Country` (`ID`, `Name`) VALUES ('3', 'США');
INSERT INTO `Country` (`ID`, `Name`) VALUES ('4', 'Германия');
INSERT INTO `Country` (`ID`, `Name`) VALUES ('5', 'Китай');
INSERT INTO `Country` (`ID`, `Name`) VALUES ('6', 'Великобритания');
INSERT INTO `Country` (`ID`, `Name`) VALUES ('7', 'Франция');

--
-- Table structure for table `Generation`
--
DROP TABLE IF EXISTS `Generation`;
CREATE TABLE `Generation` (
  `ID` int(11) NOT NULL AUTO_INCREMENT,
  `Name` varchar(100) NOT NULL,
  PRIMARY KEY (`ID`)
) ENGINE=InnoDB AUTO_INCREMENT=26 DEFAULT CHARSET=utf8mb4 COLLATE=utf8mb4_unicode_ci;

--
-- Dumping data for table `Generation`
--
INSERT INTO `Generation` (`ID`, `Name`) VALUES ('1', '1 поколение истребителей');
INSERT INTO `Generation` (`ID`, `Name`) VALUES ('2', '2 поколение истребителей');
INSERT INTO `Generation` (`ID`, `Name`) VALUES ('3', '3 поколение истребителей');
INSERT INTO `Generation` (`ID`, `Name`) VALUES ('4', '4 поколение истребителей');
INSERT INTO `Generation` (`ID`, `Name`) VALUES ('5', '5 поколение истребителей');
INSERT INTO `Generation` (`ID`, `Name`) VALUES ('6', 'Боевые вертолёты');
INSERT INTO `Generation` (`ID`, `Name`) VALUES ('7', 'Транспортно-боевые вертолёты');
INSERT INTO `Generation` (`ID`, `Name`) VALUES ('8', 'Транспортные вертолёты');
INSERT INTO `Generation` (`ID`, `Name`) VALUES ('9', 'Специальные вертолёты');
INSERT INTO `Generation` (`ID`, `Name`) VALUES ('10', 'Стратегический бомбардировщик');
INSERT INTO `Generation` (`ID`, `Name`) VALUES ('11', 'Тактический бомбардировщик');
INSERT INTO `Generation` (`ID`, `Name`) VALUES ('12', 'Штурмовик бомбардировщик');
INSERT INTO `Generation` (`ID`, `Name`) VALUES ('13', 'Истребитель-бомбардировщик');
INSERT INTO `Generation` (`ID`, `Name`) VALUES ('14', 'Лёгкий танк');
INSERT INTO `Generation` (`ID`, `Name`) VALUES ('15', 'Средний танк');
INSERT INTO `Generation` (`ID`, `Name`) VALUES ('16', 'Тяжелый танк');
INSERT INTO `Generation` (`ID`, `Name`) VALUES ('18', 'ПТ-САУ');
INSERT INTO `Generation` (`ID`, `Name`) VALUES ('19', 'ЗРК и ЗРПК');
INSERT INTO `Generation` (`ID`, `Name`) VALUES ('20', 'Переносные зенитные ракетные комплексы');
INSERT INTO `Generation` (`ID`, `Name`) VALUES ('21', 'Зенитная артиллерия');
INSERT INTO `Generation` (`ID`, `Name`) VALUES ('22', 'Боевые разведывательные машины');
INSERT INTO `Generation` (`ID`, `Name`) VALUES ('23', 'Радиоэлектронная разведка и подавление');
INSERT INTO `Generation` (`ID`, `Name`) VALUES ('24', 'Радиолокационные станции');
INSERT INTO `Generation` (`ID`, `Name`) VALUES ('25', 'Системы управления');

--
-- Table structure for table `Logs`
--
DROP TABLE IF EXISTS `Logs`;
CREATE TABLE `Logs` (
  `ID` int(11) NOT NULL AUTO_INCREMENT,
  `User_ID` int(11) DEFAULT NULL,
  `Action_Type` enum('login','logout','create','update','delete','ban','unban','role_change','favorite_add') DEFAULT NULL,
  `Table_Name` varchar(50) DEFAULT NULL,
  `Record_ID` int(11) DEFAULT NULL,
  `Description` text DEFAULT NULL,
  `Old_Values` longtext CHARACTER SET utf8mb4 COLLATE utf8mb4_bin DEFAULT NULL CHECK (json_valid(`Old_Values`)),
  `New_Values` longtext CHARACTER SET utf8mb4 COLLATE utf8mb4_bin DEFAULT NULL CHECK (json_valid(`New_Values`)),
  `IP_Address` varchar(45) DEFAULT NULL,
  `User_Agent` text DEFAULT NULL,
  `Created_At` timestamp NOT NULL DEFAULT current_timestamp(),
  PRIMARY KEY (`ID`),
  KEY `User_ID` (`User_ID`),
  CONSTRAINT `Logs_ibfk_1` FOREIGN KEY (`User_ID`) REFERENCES `Users` (`ID`) ON DELETE SET NULL
) ENGINE=InnoDB AUTO_INCREMENT=126 DEFAULT CHARSET=utf8mb4 COLLATE=utf8mb4_unicode_ci;

--
-- Dumping data for table `Logs`
--
INSERT INTO `Logs` (`ID`, `User_ID`, `Action_Type`, `Table_Name`, `Record_ID`, `Description`, `Old_Values`, `New_Values`, `IP_Address`, `User_Agent`, `Created_At`) VALUES ('1', '6', 'logout', 'Users', '6', 'Выход из системы', NULL, NULL, '127.0.0.1', 'Mozilla/5.0 (Windows NT 10.0; Win64; x64) AppleWebKit/537.36 (KHTML, like Gecko) Chrome/138.0.0.0 YaBrowser/25.8.0.0 Safari/537.36', '2025-10-23 20:06:37');
INSERT INTO `Logs` (`ID`, `User_ID`, `Action_Type`, `Table_Name`, `Record_ID`, `Description`, `Old_Values`, `New_Values`, `IP_Address`, `User_Agent`, `Created_At`) VALUES ('2', '6', 'logout', 'Users', '6', 'Выход из системы', NULL, NULL, '127.0.0.1', 'Mozilla/5.0 (Windows NT 10.0; Win64; x64) AppleWebKit/537.36 (KHTML, like Gecko) Chrome/138.0.0.0 YaBrowser/25.8.0.0 Safari/537.36', '2025-10-23 20:11:51');
INSERT INTO `Logs` (`ID`, `User_ID`, `Action_Type`, `Table_Name`, `Record_ID`, `Description`, `Old_Values`, `New_Values`, `IP_Address`, `User_Agent`, `Created_At`) VALUES ('3', '6', 'login', 'Users', '6', 'Успешный вход в систему', NULL, NULL, '127.0.0.1', 'Mozilla/5.0 (Windows NT 10.0; Win64; x64) AppleWebKit/537.36 (KHTML, like Gecko) Chrome/138.0.0.0 YaBrowser/25.8.0.0 Safari/537.36', '2025-10-23 20:13:07');
INSERT INTO `Logs` (`ID`, `User_ID`, `Action_Type`, `Table_Name`, `Record_ID`, `Description`, `Old_Values`, `New_Values`, `IP_Address`, `User_Agent`, `Created_At`) VALUES ('4', '6', 'logout', 'Users', '6', 'Выход из системы', NULL, NULL, '127.0.0.1', 'Mozilla/5.0 (Windows NT 10.0; Win64; x64) AppleWebKit/537.36 (KHTML, like Gecko) Chrome/138.0.0.0 YaBrowser/25.8.0.0 Safari/537.36', '2025-10-24 00:38:15');
INSERT INTO `Logs` (`ID`, `User_ID`, `Action_Type`, `Table_Name`, `Record_ID`, `Description`, `Old_Values`, `New_Values`, `IP_Address`, `User_Agent`, `Created_At`) VALUES ('5', '6', 'login', 'Users', '6', 'Успешный вход в систему', NULL, NULL, '127.0.0.1', 'Mozilla/5.0 (Windows NT 10.0; Win64; x64) AppleWebKit/537.36 (KHTML, like Gecko) Chrome/138.0.0.0 YaBrowser/25.8.0.0 Safari/537.36', '2025-10-24 00:38:35');
INSERT INTO `Logs` (`ID`, `User_ID`, `Action_Type`, `Table_Name`, `Record_ID`, `Description`, `Old_Values`, `New_Values`, `IP_Address`, `User_Agent`, `Created_At`) VALUES ('6', '6', 'login', 'Users', '6', 'Успешный вход в систему', NULL, NULL, '::1', 'Mozilla/5.0 (X11; Linux x86_64; rv:109.0) Gecko/20100101 Firefox/115.0', '2025-10-24 13:38:05');
INSERT INTO `Logs` (`ID`, `User_ID`, `Action_Type`, `Table_Name`, `Record_ID`, `Description`, `Old_Values`, `New_Values`, `IP_Address`, `User_Agent`, `Created_At`) VALUES ('7', '6', 'logout', 'Users', '6', 'Выход из системы', NULL, NULL, '::1', 'Mozilla/5.0 (X11; Linux x86_64; rv:109.0) Gecko/20100101 Firefox/115.0', '2025-10-24 13:40:18');
INSERT INTO `Logs` (`ID`, `User_ID`, `Action_Type`, `Table_Name`, `Record_ID`, `Description`, `Old_Values`, `New_Values`, `IP_Address`, `User_Agent`, `Created_At`) VALUES ('8', '6', 'login', 'Users', '6', 'Успешный вход в систему', NULL, NULL, '127.0.0.1', 'Mozilla/5.0 (Windows NT 10.0; Win64; x64) AppleWebKit/537.36 (KHTML, like Gecko) Chrome/138.0.0.0 YaBrowser/25.8.0.0 Safari/537.36', '2025-10-26 13:04:02');
INSERT INTO `Logs` (`ID`, `User_ID`, `Action_Type`, `Table_Name`, `Record_ID`, `Description`, `Old_Values`, `New_Values`, `IP_Address`, `User_Agent`, `Created_At`) VALUES ('9', '6', 'logout', 'Users', '6', 'Выход из системы', NULL, NULL, '127.0.0.1', 'Mozilla/5.0 (Windows NT 10.0; Win64; x64) AppleWebKit/537.36 (KHTML, like Gecko) Chrome/138.0.0.0 YaBrowser/25.8.0.0 Safari/537.36', '2025-10-26 13:10:54');
INSERT INTO `Logs` (`ID`, `User_ID`, `Action_Type`, `Table_Name`, `Record_ID`, `Description`, `Old_Values`, `New_Values`, `IP_Address`, `User_Agent`, `Created_At`) VALUES ('10', NULL, 'login', 'Users', '6', 'Успешный вход в систему', NULL, NULL, '127.0.0.1', 'Mozilla/5.0 (Windows NT 10.0; Win64; x64) AppleWebKit/537.36 (KHTML, like Gecko) Chrome/138.0.0.0 YaBrowser/25.8.0.0 Safari/537.36', '2025-10-26 13:11:16');
INSERT INTO `Logs` (`ID`, `User_ID`, `Action_Type`, `Table_Name`, `Record_ID`, `Description`, `Old_Values`, `New_Values`, `IP_Address`, `User_Agent`, `Created_At`) VALUES ('11', NULL, 'login', 'Users', '6', 'Успешный вход в систему', NULL, NULL, '127.0.0.1', 'Mozilla/5.0 (Windows NT 10.0; Win64; x64) AppleWebKit/537.36 (KHTML, like Gecko) Chrome/138.0.0.0 YaBrowser/25.8.0.0 Safari/537.36', '2025-10-27 18:12:50');
INSERT INTO `Logs` (`ID`, `User_ID`, `Action_Type`, `Table_Name`, `Record_ID`, `Description`, `Old_Values`, `New_Values`, `IP_Address`, `User_Agent`, `Created_At`) VALUES ('12', '6', 'update', 'Vehicle', '78', 'Обновлено изображение для танка \'\'', '{\"image_action\":\"image_updated\",\"old_image_path\":\"uploads\\/tank_78_1761570469.jpg\"}', '{\"image_action\":\"image_updated\",\"new_image_path\":\"uploads\\/vehicle_images\\/vehicle_78_1761570866.jpg\"}', '127.0.0.1', 'Mozilla/5.0 (Windows NT 10.0; Win64; x64) AppleWebKit/537.36 (KHTML, like Gecko) Chrome/138.0.0.0 YaBrowser/25.8.0.0 Safari/537.36', '2025-10-27 20:16:14');
INSERT INTO `Logs` (`ID`, `User_ID`, `Action_Type`, `Table_Name`, `Record_ID`, `Description`, `Old_Values`, `New_Values`, `IP_Address`, `User_Agent`, `Created_At`) VALUES ('13', '6', 'login', 'Users', '6', 'Успешный вход в систему', NULL, NULL, '::1', 'Mozilla/5.0 (X11; Linux x86_64; rv:109.0) Gecko/20100101 Firefox/115.0', '2025-10-28 13:21:26');
INSERT INTO `Logs` (`ID`, `User_ID`, `Action_Type`, `Table_Name`, `Record_ID`, `Description`, `Old_Values`, `New_Values`, `IP_Address`, `User_Agent`, `Created_At`) VALUES ('14', NULL, 'login', 'Users', '6', 'Успешный вход в систему', NULL, NULL, '127.0.0.1', 'Mozilla/5.0 (Windows NT 10.0; Win64; x64) AppleWebKit/537.36 (KHTML, like Gecko) Chrome/138.0.0.0 YaBrowser/25.8.0.0 Safari/537.36', '2025-10-29 13:57:23');
INSERT INTO `Logs` (`ID`, `User_ID`, `Action_Type`, `Table_Name`, `Record_ID`, `Description`, `Old_Values`, `New_Values`, `IP_Address`, `User_Agent`, `Created_At`) VALUES ('15', NULL, 'login', 'Users', '6', 'Успешный вход в систему', NULL, NULL, '127.0.0.1', 'Mozilla/5.0 (Windows NT 10.0; Win64; x64) AppleWebKit/537.36 (KHTML, like Gecko) Chrome/138.0.0.0 YaBrowser/25.8.0.0 Safari/537.36', '2025-10-30 20:47:13');
INSERT INTO `Logs` (`ID`, `User_ID`, `Action_Type`, `Table_Name`, `Record_ID`, `Description`, `Old_Values`, `New_Values`, `IP_Address`, `User_Agent`, `Created_At`) VALUES ('16', NULL, 'login', 'Users', '6', 'Успешный вход в систему', NULL, NULL, '::1', 'Mozilla/5.0 (X11; Linux x86_64; rv:109.0) Gecko/20100101 Firefox/115.0', '2025-10-31 14:40:07');
INSERT INTO `Logs` (`ID`, `User_ID`, `Action_Type`, `Table_Name`, `Record_ID`, `Description`, `Old_Values`, `New_Values`, `IP_Address`, `User_Agent`, `Created_At`) VALUES ('17', '6', 'logout', 'Users', '6', 'Выход из системы', NULL, NULL, '::1', 'Mozilla/5.0 (X11; Linux x86_64; rv:109.0) Gecko/20100101 Firefox/115.0', '2025-10-31 15:21:05');
INSERT INTO `Logs` (`ID`, `User_ID`, `Action_Type`, `Table_Name`, `Record_ID`, `Description`, `Old_Values`, `New_Values`, `IP_Address`, `User_Agent`, `Created_At`) VALUES ('18', NULL, 'login', 'Users', '6', 'Успешный вход в систему', NULL, NULL, '127.0.0.1', 'Mozilla/5.0 (Windows NT 10.0; Win64; x64) AppleWebKit/537.36 (KHTML, like Gecko) Chrome/138.0.0.0 YaBrowser/25.8.0.0 Safari/537.36', '2025-10-31 17:42:07');
INSERT INTO `Logs` (`ID`, `User_ID`, `Action_Type`, `Table_Name`, `Record_ID`, `Description`, `Old_Values`, `New_Values`, `IP_Address`, `User_Agent`, `Created_At`) VALUES ('19', '6', 'logout', 'Users', '6', 'Выход из системы', NULL, NULL, '127.0.0.1', 'Mozilla/5.0 (Windows NT 10.0; Win64; x64) AppleWebKit/537.36 (KHTML, like Gecko) Chrome/138.0.0.0 YaBrowser/25.8.0.0 Safari/537.36', '2025-10-31 18:43:58');
INSERT INTO `Logs` (`ID`, `User_ID`, `Action_Type`, `Table_Name`, `Record_ID`, `Description`, `Old_Values`, `New_Values`, `IP_Address`, `User_Agent`, `Created_At`) VALUES ('20', NULL, 'login', 'Users', '30', 'Успешный вход в систему', NULL, NULL, '127.0.0.1', 'Mozilla/5.0 (Windows NT 10.0; Win64; x64) AppleWebKit/537.36 (KHTML, like Gecko) Chrome/138.0.0.0 YaBrowser/25.8.0.0 Safari/537.36', '2025-10-31 18:46:40');
INSERT INTO `Logs` (`ID`, `User_ID`, `Action_Type`, `Table_Name`, `Record_ID`, `Description`, `Old_Values`, `New_Values`, `IP_Address`, `User_Agent`, `Created_At`) VALUES ('21', NULL, 'login', 'Users', '30', 'Успешный вход в систему', NULL, NULL, '127.0.0.1', 'Mozilla/5.0 (Windows NT 10.0; Win64; x64) AppleWebKit/537.36 (KHTML, like Gecko) Chrome/138.0.0.0 YaBrowser/25.8.0.0 Safari/537.36', '2025-10-31 18:47:34');
INSERT INTO `Logs` (`ID`, `User_ID`, `Action_Type`, `Table_Name`, `Record_ID`, `Description`, `Old_Values`, `New_Values`, `IP_Address`, `User_Agent`, `Created_At`) VALUES ('22', NULL, 'logout', 'Users', '30', 'Выход из системы', NULL, NULL, '127.0.0.1', 'Mozilla/5.0 (Windows NT 10.0; Win64; x64) AppleWebKit/537.36 (KHTML, like Gecko) Chrome/138.0.0.0 YaBrowser/25.8.0.0 Safari/537.36', '2025-10-31 18:57:03');
INSERT INTO `Logs` (`ID`, `User_ID`, `Action_Type`, `Table_Name`, `Record_ID`, `Description`, `Old_Values`, `New_Values`, `IP_Address`, `User_Agent`, `Created_At`) VALUES ('23', '6', 'login', 'Users', '6', 'Неудачная попытка входа', NULL, NULL, '127.0.0.1', 'Mozilla/5.0 (Windows NT 10.0; Win64; x64) AppleWebKit/537.36 (KHTML, like Gecko) Chrome/138.0.0.0 YaBrowser/25.8.0.0 Safari/537.36', '2025-10-31 18:57:18');
INSERT INTO `Logs` (`ID`, `User_ID`, `Action_Type`, `Table_Name`, `Record_ID`, `Description`, `Old_Values`, `New_Values`, `IP_Address`, `User_Agent`, `Created_At`) VALUES ('24', '6', 'login', 'Users', '6', 'Успешный вход в систему', NULL, NULL, '127.0.0.1', 'Mozilla/5.0 (Windows NT 10.0; Win64; x64) AppleWebKit/537.36 (KHTML, like Gecko) Chrome/138.0.0.0 YaBrowser/25.8.0.0 Safari/537.36', '2025-10-31 18:57:53');
INSERT INTO `Logs` (`ID`, `User_ID`, `Action_Type`, `Table_Name`, `Record_ID`, `Description`, `Old_Values`, `New_Values`, `IP_Address`, `User_Agent`, `Created_At`) VALUES ('25', NULL, 'login', 'Users', '21', 'Успешный вход в систему', NULL, NULL, '127.0.0.1', 'Mozilla/5.0 (Windows NT 10.0; Win64; x64; rv:144.0) Gecko/20100101 Firefox/144.0', '2025-10-31 19:35:55');
INSERT INTO `Logs` (`ID`, `User_ID`, `Action_Type`, `Table_Name`, `Record_ID`, `Description`, `Old_Values`, `New_Values`, `IP_Address`, `User_Agent`, `Created_At`) VALUES ('26', NULL, 'login', 'Users', '21', 'Успешный вход в систему', NULL, NULL, '127.0.0.1', 'Mozilla/5.0 (Windows NT 10.0; Win64; x64; rv:144.0) Gecko/20100101 Firefox/144.0', '2025-10-31 19:39:04');
INSERT INTO `Logs` (`ID`, `User_ID`, `Action_Type`, `Table_Name`, `Record_ID`, `Description`, `Old_Values`, `New_Values`, `IP_Address`, `User_Agent`, `Created_At`) VALUES ('27', '6', 'logout', 'Users', '6', 'Выход из системы', NULL, NULL, '127.0.0.1', 'Mozilla/5.0 (Windows NT 10.0; Win64; x64) AppleWebKit/537.36 (KHTML, like Gecko) Chrome/138.0.0.0 YaBrowser/25.8.0.0 Safari/537.36', '2025-10-31 20:31:59');
INSERT INTO `Logs` (`ID`, `User_ID`, `Action_Type`, `Table_Name`, `Record_ID`, `Description`, `Old_Values`, `New_Values`, `IP_Address`, `User_Agent`, `Created_At`) VALUES ('28', NULL, 'login', 'Users', '21', 'Неудачная попытка входа', NULL, NULL, '::1', 'Mozilla/5.0 (X11; Linux x86_64; rv:109.0) Gecko/20100101 Firefox/115.0', '2025-11-01 09:32:58');
INSERT INTO `Logs` (`ID`, `User_ID`, `Action_Type`, `Table_Name`, `Record_ID`, `Description`, `Old_Values`, `New_Values`, `IP_Address`, `User_Agent`, `Created_At`) VALUES ('29', NULL, 'login', 'Users', '21', 'Неудачная попытка входа', NULL, NULL, '::1', 'Mozilla/5.0 (X11; Linux x86_64; rv:109.0) Gecko/20100101 Firefox/115.0', '2025-11-01 09:33:23');
INSERT INTO `Logs` (`ID`, `User_ID`, `Action_Type`, `Table_Name`, `Record_ID`, `Description`, `Old_Values`, `New_Values`, `IP_Address`, `User_Agent`, `Created_At`) VALUES ('30', NULL, 'login', 'Users', '21', 'Неудачная попытка входа', NULL, NULL, '::1', 'Mozilla/5.0 (X11; Linux x86_64; rv:109.0) Gecko/20100101 Firefox/115.0', '2025-11-01 09:35:56');
INSERT INTO `Logs` (`ID`, `User_ID`, `Action_Type`, `Table_Name`, `Record_ID`, `Description`, `Old_Values`, `New_Values`, `IP_Address`, `User_Agent`, `Created_At`) VALUES ('31', '6', 'login', 'Users', '6', 'Успешный вход в систему', NULL, NULL, '::1', 'Mozilla/5.0 (X11; Linux x86_64; rv:109.0) Gecko/20100101 Firefox/115.0', '2025-11-01 09:36:31');
INSERT INTO `Logs` (`ID`, `User_ID`, `Action_Type`, `Table_Name`, `Record_ID`, `Description`, `Old_Values`, `New_Values`, `IP_Address`, `User_Agent`, `Created_At`) VALUES ('32', NULL, 'login', 'Users', '21', 'Неудачная попытка входа', NULL, NULL, '::1', 'Mozilla/5.0 (X11; Linux x86_64; rv:109.0) Gecko/20100101 Firefox/115.0', '2025-11-01 09:38:23');
INSERT INTO `Logs` (`ID`, `User_ID`, `Action_Type`, `Table_Name`, `Record_ID`, `Description`, `Old_Values`, `New_Values`, `IP_Address`, `User_Agent`, `Created_At`) VALUES ('33', NULL, 'login', 'Users', '21', 'Неудачная попытка входа', NULL, NULL, '::1', 'Mozilla/5.0 (X11; Linux x86_64; rv:109.0) Gecko/20100101 Firefox/115.0', '2025-11-01 09:38:45');
INSERT INTO `Logs` (`ID`, `User_ID`, `Action_Type`, `Table_Name`, `Record_ID`, `Description`, `Old_Values`, `New_Values`, `IP_Address`, `User_Agent`, `Created_At`) VALUES ('34', '6', 'login', 'Users', '6', 'Успешный вход в систему', NULL, NULL, '127.0.0.1', 'Mozilla/5.0 (Windows NT 10.0; Win64; x64) AppleWebKit/537.36 (KHTML, like Gecko) Chrome/138.0.0.0 YaBrowser/25.8.0.0 Safari/537.36', '2025-11-04 15:08:47');
INSERT INTO `Logs` (`ID`, `User_ID`, `Action_Type`, `Table_Name`, `Record_ID`, `Description`, `Old_Values`, `New_Values`, `IP_Address`, `User_Agent`, `Created_At`) VALUES ('35', '6', 'login', 'Users', '6', 'Успешный вход в систему', NULL, NULL, '127.0.0.1', 'Mozilla/5.0 (Windows NT 10.0; Win64; x64) AppleWebKit/537.36 (KHTML, like Gecko) Chrome/138.0.0.0 YaBrowser/25.8.0.0 Safari/537.36', '2025-11-05 18:55:45');
INSERT INTO `Logs` (`ID`, `User_ID`, `Action_Type`, `Table_Name`, `Record_ID`, `Description`, `Old_Values`, `New_Values`, `IP_Address`, `User_Agent`, `Created_At`) VALUES ('36', '6', 'logout', 'Users', '6', 'Выход из системы', NULL, NULL, '127.0.0.1', 'Mozilla/5.0 (Windows NT 10.0; Win64; x64) AppleWebKit/537.36 (KHTML, like Gecko) Chrome/138.0.0.0 YaBrowser/25.8.0.0 Safari/537.36', '2025-11-05 23:19:11');
INSERT INTO `Logs` (`ID`, `User_ID`, `Action_Type`, `Table_Name`, `Record_ID`, `Description`, `Old_Values`, `New_Values`, `IP_Address`, `User_Agent`, `Created_At`) VALUES ('37', NULL, 'login', 'Users', '30', 'Неудачная попытка входа', NULL, NULL, '127.0.0.1', 'Mozilla/5.0 (Windows NT 10.0; Win64; x64) AppleWebKit/537.36 (KHTML, like Gecko) Chrome/138.0.0.0 YaBrowser/25.8.0.0 Safari/537.36', '2025-11-05 23:19:21');
INSERT INTO `Logs` (`ID`, `User_ID`, `Action_Type`, `Table_Name`, `Record_ID`, `Description`, `Old_Values`, `New_Values`, `IP_Address`, `User_Agent`, `Created_At`) VALUES ('38', NULL, 'login', 'Users', '30', 'Неудачная попытка входа', NULL, NULL, '127.0.0.1', 'Mozilla/5.0 (Windows NT 10.0; Win64; x64) AppleWebKit/537.36 (KHTML, like Gecko) Chrome/138.0.0.0 YaBrowser/25.8.0.0 Safari/537.36', '2025-11-05 23:19:30');
INSERT INTO `Logs` (`ID`, `User_ID`, `Action_Type`, `Table_Name`, `Record_ID`, `Description`, `Old_Values`, `New_Values`, `IP_Address`, `User_Agent`, `Created_At`) VALUES ('39', NULL, 'login', 'Users', '30', 'Неудачная попытка входа', NULL, NULL, '127.0.0.1', 'Mozilla/5.0 (Windows NT 10.0; Win64; x64) AppleWebKit/537.36 (KHTML, like Gecko) Chrome/138.0.0.0 YaBrowser/25.8.0.0 Safari/537.36', '2025-11-05 23:19:38');
INSERT INTO `Logs` (`ID`, `User_ID`, `Action_Type`, `Table_Name`, `Record_ID`, `Description`, `Old_Values`, `New_Values`, `IP_Address`, `User_Agent`, `Created_At`) VALUES ('40', '6', 'login', 'Users', '6', 'Успешный вход в систему', NULL, NULL, '127.0.0.1', 'Mozilla/5.0 (Windows NT 10.0; Win64; x64) AppleWebKit/537.36 (KHTML, like Gecko) Chrome/138.0.0.0 YaBrowser/25.8.0.0 Safari/537.36', '2025-11-05 23:20:27');
INSERT INTO `Logs` (`ID`, `User_ID`, `Action_Type`, `Table_Name`, `Record_ID`, `Description`, `Old_Values`, `New_Values`, `IP_Address`, `User_Agent`, `Created_At`) VALUES ('41', '6', 'logout', 'Users', '6', 'Выход из системы', NULL, NULL, '127.0.0.1', 'Mozilla/5.0 (Windows NT 10.0; Win64; x64) AppleWebKit/537.36 (KHTML, like Gecko) Chrome/138.0.0.0 YaBrowser/25.8.0.0 Safari/537.36', '2025-11-05 23:24:01');
INSERT INTO `Logs` (`ID`, `User_ID`, `Action_Type`, `Table_Name`, `Record_ID`, `Description`, `Old_Values`, `New_Values`, `IP_Address`, `User_Agent`, `Created_At`) VALUES ('42', NULL, 'login', 'Users', '30', 'Неудачная попытка входа', NULL, NULL, '127.0.0.1', 'Mozilla/5.0 (Windows NT 10.0; Win64; x64) AppleWebKit/537.36 (KHTML, like Gecko) Chrome/138.0.0.0 YaBrowser/25.8.0.0 Safari/537.36', '2025-11-05 23:24:14');
INSERT INTO `Logs` (`ID`, `User_ID`, `Action_Type`, `Table_Name`, `Record_ID`, `Description`, `Old_Values`, `New_Values`, `IP_Address`, `User_Agent`, `Created_At`) VALUES ('43', NULL, 'login', 'Users', '30', 'Неудачная попытка входа', NULL, NULL, '127.0.0.1', 'Mozilla/5.0 (Windows NT 10.0; Win64; x64) AppleWebKit/537.36 (KHTML, like Gecko) Chrome/138.0.0.0 YaBrowser/25.8.0.0 Safari/537.36', '2025-11-05 23:24:21');
INSERT INTO `Logs` (`ID`, `User_ID`, `Action_Type`, `Table_Name`, `Record_ID`, `Description`, `Old_Values`, `New_Values`, `IP_Address`, `User_Agent`, `Created_At`) VALUES ('44', '6', 'login', 'Users', '6', 'Успешный вход в систему', NULL, NULL, '127.0.0.1', 'Mozilla/5.0 (Windows NT 10.0; Win64; x64) AppleWebKit/537.36 (KHTML, like Gecko) Chrome/138.0.0.0 YaBrowser/25.8.0.0 Safari/537.36', '2025-11-05 23:24:51');
INSERT INTO `Logs` (`ID`, `User_ID`, `Action_Type`, `Table_Name`, `Record_ID`, `Description`, `Old_Values`, `New_Values`, `IP_Address`, `User_Agent`, `Created_At`) VALUES ('45', '6', 'logout', 'Users', '6', 'Выход из системы', NULL, NULL, '127.0.0.1', 'Mozilla/5.0 (Windows NT 10.0; Win64; x64) AppleWebKit/537.36 (KHTML, like Gecko) Chrome/138.0.0.0 YaBrowser/25.8.0.0 Safari/537.36', '2025-11-05 23:28:34');
INSERT INTO `Logs` (`ID`, `User_ID`, `Action_Type`, `Table_Name`, `Record_ID`, `Description`, `Old_Values`, `New_Values`, `IP_Address`, `User_Agent`, `Created_At`) VALUES ('46', NULL, 'login', 'Users', '30', 'Неудачная попытка входа', NULL, NULL, '127.0.0.1', 'Mozilla/5.0 (Windows NT 10.0; Win64; x64) AppleWebKit/537.36 (KHTML, like Gecko) Chrome/138.0.0.0 YaBrowser/25.8.0.0 Safari/537.36', '2025-11-05 23:28:46');
INSERT INTO `Logs` (`ID`, `User_ID`, `Action_Type`, `Table_Name`, `Record_ID`, `Description`, `Old_Values`, `New_Values`, `IP_Address`, `User_Agent`, `Created_At`) VALUES ('47', '6', 'login', 'Users', '6', 'Успешный вход в систему', NULL, NULL, '127.0.0.1', 'Mozilla/5.0 (Windows NT 10.0; Win64; x64) AppleWebKit/537.36 (KHTML, like Gecko) Chrome/138.0.0.0 YaBrowser/25.8.0.0 Safari/537.36', '2025-11-06 18:54:22');
INSERT INTO `Logs` (`ID`, `User_ID`, `Action_Type`, `Table_Name`, `Record_ID`, `Description`, `Old_Values`, `New_Values`, `IP_Address`, `User_Agent`, `Created_At`) VALUES ('48', '6', 'favorite_add', 'user_favorites', '26', 'Истребитель \'МиГ-23\' добавлен в избранное пользователем ID: 6', NULL, NULL, '127.0.0.1', 'Mozilla/5.0 (Windows NT 10.0; Win64; x64) AppleWebKit/537.36 (KHTML, like Gecko) Chrome/138.0.0.0 YaBrowser/25.8.0.0 Safari/537.36', '2025-11-06 19:19:43');
INSERT INTO `Logs` (`ID`, `User_ID`, `Action_Type`, `Table_Name`, `Record_ID`, `Description`, `Old_Values`, `New_Values`, `IP_Address`, `User_Agent`, `Created_At`) VALUES ('49', '6', 'login', 'Users', '6', 'Успешный вход в систему', NULL, NULL, '127.0.0.1', 'Mozilla/5.0 (Windows NT 10.0; Win64; x64) AppleWebKit/537.36 (KHTML, like Gecko) Chrome/140.0.0.0 YaBrowser/25.10.0.0 Safari/537.36', '2025-11-12 14:19:43');
INSERT INTO `Logs` (`ID`, `User_ID`, `Action_Type`, `Table_Name`, `Record_ID`, `Description`, `Old_Values`, `New_Values`, `IP_Address`, `User_Agent`, `Created_At`) VALUES ('50', '6', 'favorite_add', 'user_favorites', '9', 'Истребитель \'МиГ-15\' добавлен в избранное пользователем ID: 6', NULL, NULL, '127.0.0.1', 'Mozilla/5.0 (Windows NT 10.0; Win64; x64) AppleWebKit/537.36 (KHTML, like Gecko) Chrome/140.0.0.0 YaBrowser/25.10.0.0 Safari/537.36', '2025-11-12 14:20:10');
INSERT INTO `Logs` (`ID`, `User_ID`, `Action_Type`, `Table_Name`, `Record_ID`, `Description`, `Old_Values`, `New_Values`, `IP_Address`, `User_Agent`, `Created_At`) VALUES ('51', '6', 'favorite_add', 'user_favorites', '35', 'Вертолет \'\' добавлен в избранное пользователем ID: 6', NULL, NULL, '127.0.0.1', 'Mozilla/5.0 (Windows NT 10.0; Win64; x64) AppleWebKit/537.36 (KHTML, like Gecko) Chrome/140.0.0.0 YaBrowser/25.10.0.0 Safari/537.36', '2025-11-12 14:20:20');
INSERT INTO `Logs` (`ID`, `User_ID`, `Action_Type`, `Table_Name`, `Record_ID`, `Description`, `Old_Values`, `New_Values`, `IP_Address`, `User_Agent`, `Created_At`) VALUES ('52', '6', 'favorite_add', 'user_favorites', '48', 'Бомбардировщик \'\' добавлен в избранное пользователем ID: 6', NULL, NULL, '127.0.0.1', 'Mozilla/5.0 (Windows NT 10.0; Win64; x64) AppleWebKit/537.36 (KHTML, like Gecko) Chrome/140.0.0.0 YaBrowser/25.10.0.0 Safari/537.36', '2025-11-12 14:20:29');
INSERT INTO `Logs` (`ID`, `User_ID`, `Action_Type`, `Table_Name`, `Record_ID`, `Description`, `Old_Values`, `New_Values`, `IP_Address`, `User_Agent`, `Created_At`) VALUES ('53', '6', 'favorite_add', 'user_favorites', '78', 'Танк \'\' добавлен в избранное пользователем ID: 6', NULL, NULL, '127.0.0.1', 'Mozilla/5.0 (Windows NT 10.0; Win64; x64) AppleWebKit/537.36 (KHTML, like Gecko) Chrome/140.0.0.0 YaBrowser/25.10.0.0 Safari/537.36', '2025-11-12 14:20:37');
INSERT INTO `Logs` (`ID`, `User_ID`, `Action_Type`, `Table_Name`, `Record_ID`, `Description`, `Old_Values`, `New_Values`, `IP_Address`, `User_Agent`, `Created_At`) VALUES ('54', '6', 'favorite_add', 'user_favorites', '68', 'Система ПВО \'\' добавлена в избранное пользователем ID: 6', NULL, NULL, '127.0.0.1', 'Mozilla/5.0 (Windows NT 10.0; Win64; x64) AppleWebKit/537.36 (KHTML, like Gecko) Chrome/140.0.0.0 YaBrowser/25.10.0.0 Safari/537.36', '2025-11-12 14:20:45');
INSERT INTO `Logs` (`ID`, `User_ID`, `Action_Type`, `Table_Name`, `Record_ID`, `Description`, `Old_Values`, `New_Values`, `IP_Address`, `User_Agent`, `Created_At`) VALUES ('55', '6', 'favorite_add', 'user_favorites', '74', 'Средство разведки \'\' добавлено в избранное пользователем ID: 6', NULL, NULL, '127.0.0.1', 'Mozilla/5.0 (Windows NT 10.0; Win64; x64) AppleWebKit/537.36 (KHTML, like Gecko) Chrome/140.0.0.0 YaBrowser/25.10.0.0 Safari/537.36', '2025-11-12 14:20:53');
INSERT INTO `Logs` (`ID`, `User_ID`, `Action_Type`, `Table_Name`, `Record_ID`, `Description`, `Old_Values`, `New_Values`, `IP_Address`, `User_Agent`, `Created_At`) VALUES ('56', '6', 'login', 'Users', '6', 'Успешный вход в систему', NULL, NULL, '::1', 'Mozilla/5.0 (X11; Linux x86_64; rv:109.0) Gecko/20100101 Firefox/115.0', '2025-11-15 09:19:34');
INSERT INTO `Logs` (`ID`, `User_ID`, `Action_Type`, `Table_Name`, `Record_ID`, `Description`, `Old_Values`, `New_Values`, `IP_Address`, `User_Agent`, `Created_At`) VALUES ('57', '6', 'logout', 'Users', '6', 'Выход из системы', NULL, NULL, '::1', 'Mozilla/5.0 (X11; Linux x86_64; rv:109.0) Gecko/20100101 Firefox/115.0', '2025-11-15 09:22:00');
INSERT INTO `Logs` (`ID`, `User_ID`, `Action_Type`, `Table_Name`, `Record_ID`, `Description`, `Old_Values`, `New_Values`, `IP_Address`, `User_Agent`, `Created_At`) VALUES ('58', '6', 'login', 'Users', '6', 'Успешный вход в систему', NULL, NULL, '::1', 'Mozilla/5.0 (X11; Linux x86_64; rv:109.0) Gecko/20100101 Firefox/115.0', '2025-11-15 09:22:24');
INSERT INTO `Logs` (`ID`, `User_ID`, `Action_Type`, `Table_Name`, `Record_ID`, `Description`, `Old_Values`, `New_Values`, `IP_Address`, `User_Agent`, `Created_At`) VALUES ('59', '6', 'logout', 'Users', '6', 'Выход из системы', NULL, NULL, '::1', 'Mozilla/5.0 (X11; Linux x86_64; rv:109.0) Gecko/20100101 Firefox/115.0', '2025-11-15 09:23:13');
INSERT INTO `Logs` (`ID`, `User_ID`, `Action_Type`, `Table_Name`, `Record_ID`, `Description`, `Old_Values`, `New_Values`, `IP_Address`, `User_Agent`, `Created_At`) VALUES ('60', '6', 'login', 'Users', '6', 'Успешный вход в систему', NULL, NULL, '::1', 'Mozilla/5.0 (X11; Linux x86_64; rv:109.0) Gecko/20100101 Firefox/115.0', '2025-11-15 09:23:31');
INSERT INTO `Logs` (`ID`, `User_ID`, `Action_Type`, `Table_Name`, `Record_ID`, `Description`, `Old_Values`, `New_Values`, `IP_Address`, `User_Agent`, `Created_At`) VALUES ('61', '6', 'favorite_add', 'user_favorites', '26', 'Истребитель \'МиГ-23\' добавлен в избранное пользователем ID: 6', NULL, NULL, '::1', 'Mozilla/5.0 (X11; Linux x86_64; rv:109.0) Gecko/20100101 Firefox/115.0', '2025-11-15 09:25:06');
INSERT INTO `Logs` (`ID`, `User_ID`, `Action_Type`, `Table_Name`, `Record_ID`, `Description`, `Old_Values`, `New_Values`, `IP_Address`, `User_Agent`, `Created_At`) VALUES ('62', '6', 'logout', 'Users', '6', 'Выход из системы', NULL, NULL, '::1', 'Mozilla/5.0 (X11; Linux x86_64; rv:109.0) Gecko/20100101 Firefox/115.0', '2025-11-15 09:29:20');
INSERT INTO `Logs` (`ID`, `User_ID`, `Action_Type`, `Table_Name`, `Record_ID`, `Description`, `Old_Values`, `New_Values`, `IP_Address`, `User_Agent`, `Created_At`) VALUES ('63', NULL, 'login', 'Users', '30', 'Неудачная попытка входа', NULL, NULL, '::1', 'Mozilla/5.0 (X11; Linux x86_64; rv:109.0) Gecko/20100101 Firefox/115.0', '2025-11-15 09:31:13');
INSERT INTO `Logs` (`ID`, `User_ID`, `Action_Type`, `Table_Name`, `Record_ID`, `Description`, `Old_Values`, `New_Values`, `IP_Address`, `User_Agent`, `Created_At`) VALUES ('64', NULL, 'login', 'Users', '30', 'Успешный вход в систему', NULL, NULL, '::1', 'Mozilla/5.0 (X11; Linux x86_64; rv:109.0) Gecko/20100101 Firefox/115.0', '2025-11-15 09:31:53');
INSERT INTO `Logs` (`ID`, `User_ID`, `Action_Type`, `Table_Name`, `Record_ID`, `Description`, `Old_Values`, `New_Values`, `IP_Address`, `User_Agent`, `Created_At`) VALUES ('65', NULL, 'logout', 'Users', '30', 'Выход из системы', NULL, NULL, '::1', 'Mozilla/5.0 (X11; Linux x86_64; rv:109.0) Gecko/20100101 Firefox/115.0', '2025-11-15 09:34:42');
INSERT INTO `Logs` (`ID`, `User_ID`, `Action_Type`, `Table_Name`, `Record_ID`, `Description`, `Old_Values`, `New_Values`, `IP_Address`, `User_Agent`, `Created_At`) VALUES ('66', '6', 'login', 'Users', '6', 'Успешный вход в систему', NULL, NULL, '::1', 'Mozilla/5.0 (X11; Linux x86_64; rv:109.0) Gecko/20100101 Firefox/115.0', '2025-11-15 09:36:21');
INSERT INTO `Logs` (`ID`, `User_ID`, `Action_Type`, `Table_Name`, `Record_ID`, `Description`, `Old_Values`, `New_Values`, `IP_Address`, `User_Agent`, `Created_At`) VALUES ('67', '6', 'logout', 'Users', '6', 'Выход из системы', NULL, NULL, '::1', 'Mozilla/5.0 (X11; Linux x86_64; rv:109.0) Gecko/20100101 Firefox/115.0', '2025-11-15 09:37:41');
INSERT INTO `Logs` (`ID`, `User_ID`, `Action_Type`, `Table_Name`, `Record_ID`, `Description`, `Old_Values`, `New_Values`, `IP_Address`, `User_Agent`, `Created_At`) VALUES ('68', NULL, 'login', 'Users', '16', 'Успешный вход в систему', NULL, NULL, '::1', 'Mozilla/5.0 (X11; Linux x86_64; rv:109.0) Gecko/20100101 Firefox/115.0', '2025-11-15 09:37:57');
INSERT INTO `Logs` (`ID`, `User_ID`, `Action_Type`, `Table_Name`, `Record_ID`, `Description`, `Old_Values`, `New_Values`, `IP_Address`, `User_Agent`, `Created_At`) VALUES ('69', NULL, 'update', 'Vehicle', '20', 'Истребитель \'МиГ-21\' отредактирован пользователем ID: 16', '{\"Name\":\"МиГ-21\",\"History\":\"История создания МиГ-21 началась в разгар холодной войны, когда опыт корейской войны показал, что будущее за реактивными самолетами, способными летать на сверхзвуковых скоростях. ОКБ Микояна и Гуревича, уже имевшее огромный успех с истребителями МиГ-15 и МиГ-17, в начале 1950-х годов приступило к разработке нового фронтового истребителя. Итогом этих работ стал первый советский серийный сверхзвуковой истребитель МиГ-19, но конструкторы почти сразу же начали проектировать его преемника, который должен был летать быстрее звука вдвое. После испытаний нескольких прототипов, таких как Е-2 с стреловидным крылом и Е-4 с треугольным, выбор был сделан в пользу более перспективного треугольного крыла. Опытный самолет Е-6, совершивший первый полет в 1958 году, стал окончательным прототипом и в 1959 году был принят на вооружение под обозначением МиГ-21. Это был истребитель второго поколения, созданный в эпоху, когда главным считалась скорость и высота полета, а основным оружием — управляемые ракеты и пушки. Что касается описания самолета, то МиГ-21 представлял собой классический для своего времени сверхзвуковой истребитель. Его аэродинамическая схема с тонким фюзеляжем и низкорасположенным треугольным крылом была подчинена одной цели — достижению максимальной скорости. Самолет был оснащен одним турбореактивным двигателем с форсажной камерой, который на поздних модификациях позволял развивать скорость до 2175 км\\/ч, что соответствует числу Маха 2.05. Вооружение МиГ-21 варьировалось в зависимости от модификации, но типично включало встроенную двуствольную пушку ГШ-23Л и подвесные управляемые ракеты \\\"воздух-воздух\\\" различной дальности, от ближнего боя Р-3С до более современных Р-60, а также неуправляемые ракеты и бомбы для действия по наземным целям. Пилот размещался в компактной кабине под фонарем, который на большинстве модификаций открывался вперед-вверх, а катапультирование осуществлялось с помощью системы спасения СК. Одной из ключевых особенностей МиГ-21 стала его феноменальная популярность и распространенность по всему миру. Этот самолет производился в СССР, а также по лицензии в Индии и Чехословакии, а его китайский клон Chengdu J-7 выпускался вплоть до 2013 года. Общий выпуск всех модификаций превысил 11 500 экземпляров, что сделало его самым массовым сверхзвуковым истребителем в истории авиации. Он стоял на вооружении ВВС более 60 стран мира от стран Варшавского договора до государств Азии, Африки и Ближнего Востока. Его боевое применение было чрезвычайно широким: он участвовал в войне во Вьетнаме, где успешно противостоял более сложным американским истребителям, в арабо-израильских конфликтах, в индо-пакистанских войнах и во множестве других локальных войн. Причины такой долгой службы и популярности кроются в его выдающихся для своего времени характеристиках, а именно в простоте конструкции, надежности, низкой стоимости производства и обслуживания, а также в легкости управления. Несмотря на малый запас топлива и скромные возможности бортового радиоэлектронного оборудования по сравнению с современными ему западными аналогами, такими как американский F-4 \\\"Фантом\\\", МиГ-21 оставался грозным оружием в умелых руках. Его модернизационный потенциал оказался огромным: многие страны, включая Румынию и Индию, проводили глубокие модернизации своих парков, устанавливая новейшую авионику, радары и системы вооружения, что позволило ему оставаться в строю до XXI века. Таким образом, МиГ-21 — это не просто самолет, а настоящая легенда и символ целой эпохи в истории военной авиации, олицетворявший собой советский подход к созданию эффективного, массового и простого в эксплуатации истребителя, который на десятилетия определил облик воздушных сил многих государств мира.\",\"Country_ID\":1,\"Weapon_ID\":16,\"War_ID\":15,\"Year_of_commissioning\":\"1959\",\"Year_of_decommissioning\":\"2001\",\"In_service\":0,\"CountryName\":\"СССР\",\"WeaponName\":\"\",\"WeaponType\":\"Стрелково-пушечное\",\"WeaponCalibre\":\"23 мм и 30 мм.\",\"WarPeriod\":\"Афганская война\"}', '{\"Name\":\"МиГ-21(\",\"History\":\"История создания МиГ-21 началась в разгар холодной войны, когда опыт корейской войны показал, что будущее за реактивными самолетами, способными летать на сверхзвуковых скоростях. ОКБ Микояна и Гуревича, уже имевшее огромный успех с истребителями МиГ-15 и МиГ-17, в начале 1950-х годов приступило к разработке нового фронтового истребителя. Итогом этих работ стал первый советский серийный сверхзвуковой истребитель МиГ-19, но конструкторы почти сразу же начали проектировать его преемника, который должен был летать быстрее звука вдвое. После испытаний нескольких прототипов, таких как Е-2 с стреловидным крылом и Е-4 с треугольным, выбор был сделан в пользу более перспективного треугольного крыла. Опытный самолет Е-6, совершивший первый полет в 1958 году, стал окончательным прототипом и в 1959 году был принят на вооружение под обозначением МиГ-21. Это был истребитель второго поколения, созданный в эпоху, когда главным считалась скорость и высота полета, а основным оружием — управляемые ракеты и пушки. Что касается описания самолета, то МиГ-21 представлял собой классический для своего времени сверхзвуковой истребитель. Его аэродинамическая схема с тонким фюзеляжем и низкорасположенным треугольным крылом была подчинена одной цели — достижению максимальной скорости. Самолет был оснащен одним турбореактивным двигателем с форсажной камерой, который на поздних модификациях позволял развивать скорость до 2175 км\\/ч, что соответствует числу Маха 2.05. Вооружение МиГ-21 варьировалось в зависимости от модификации, но типично включало встроенную двуствольную пушку ГШ-23Л и подвесные управляемые ракеты \\\"воздух-воздух\\\" различной дальности, от ближнего боя Р-3С до более современных Р-60, а также неуправляемые ракеты и бомбы для действия по наземным целям. Пилот размещался в компактной кабине под фонарем, который на большинстве модификаций открывался вперед-вверх, а катапультирование осуществлялось с помощью системы спасения СК. Одной из ключевых особенностей МиГ-21 стала его феноменальная популярность и распространенность по всему миру. Этот самолет производился в СССР, а также по лицензии в Индии и Чехословакии, а его китайский клон Chengdu J-7 выпускался вплоть до 2013 года. Общий выпуск всех модификаций превысил 11 500 экземпляров, что сделало его самым массовым сверхзвуковым истребителем в истории авиации. Он стоял на вооружении ВВС более 60 стран мира от стран Варшавского договора до государств Азии, Африки и Ближнего Востока. Его боевое применение было чрезвычайно широким: он участвовал в войне во Вьетнаме, где успешно противостоял более сложным американским истребителям, в арабо-израильских конфликтах, в индо-пакистанских войнах и во множестве других локальных войн. Причины такой долгой службы и популярности кроются в его выдающихся для своего времени характеристиках, а именно в простоте конструкции, надежности, низкой стоимости производства и обслуживания, а также в легкости управления. Несмотря на малый запас топлива и скромные возможности бортового радиоэлектронного оборудования по сравнению с современными ему западными аналогами, такими как американский F-4 \\\"Фантом\\\", МиГ-21 оставался грозным оружием в умелых руках. Его модернизационный потенциал оказался огромным: многие страны, включая Румынию и Индию, проводили глубокие модернизации своих парков, устанавливая новейшую авионику, радары и системы вооружения, что позволило ему оставаться в строю до XXI века. Таким образом, МиГ-21 — это не просто самолет, а настоящая легенда и символ целой эпохи в истории военной авиации, олицетворявший собой советский подход к созданию эффективного, массового и простого в эксплуатации истребителя, который на десятилетия определил облик воздушных сил многих государств мира.\",\"Country_ID\":1,\"Weapon_ID\":16,\"War_ID\":15,\"Year_of_commissioning\":1959,\"Year_of_decommissioning\":2001,\"In_service\":0,\"CountryName\":\"СССР\",\"WeaponName\":\"\",\"WeaponType\":\"Стрелково-пушечное\",\"WeaponCalibre\":\"23 мм и 30 мм.\",\"WarPeriod\":\"Афганская война\"}', '::1', 'Mozilla/5.0 (X11; Linux x86_64; rv:109.0) Gecko/20100101 Firefox/115.0', '2025-11-15 09:38:52');
INSERT INTO `Logs` (`ID`, `User_ID`, `Action_Type`, `Table_Name`, `Record_ID`, `Description`, `Old_Values`, `New_Values`, `IP_Address`, `User_Agent`, `Created_At`) VALUES ('70', NULL, 'update', 'Vehicle', '20', 'Истребитель \'МиГ-21(\' отредактирован пользователем ID: 16', '{\"Name\":\"МиГ-21(\",\"History\":\"История создания МиГ-21 началась в разгар холодной войны, когда опыт корейской войны показал, что будущее за реактивными самолетами, способными летать на сверхзвуковых скоростях. ОКБ Микояна и Гуревича, уже имевшее огромный успех с истребителями МиГ-15 и МиГ-17, в начале 1950-х годов приступило к разработке нового фронтового истребителя. Итогом этих работ стал первый советский серийный сверхзвуковой истребитель МиГ-19, но конструкторы почти сразу же начали проектировать его преемника, который должен был летать быстрее звука вдвое. После испытаний нескольких прототипов, таких как Е-2 с стреловидным крылом и Е-4 с треугольным, выбор был сделан в пользу более перспективного треугольного крыла. Опытный самолет Е-6, совершивший первый полет в 1958 году, стал окончательным прототипом и в 1959 году был принят на вооружение под обозначением МиГ-21. Это был истребитель второго поколения, созданный в эпоху, когда главным считалась скорость и высота полета, а основным оружием — управляемые ракеты и пушки. Что касается описания самолета, то МиГ-21 представлял собой классический для своего времени сверхзвуковой истребитель. Его аэродинамическая схема с тонким фюзеляжем и низкорасположенным треугольным крылом была подчинена одной цели — достижению максимальной скорости. Самолет был оснащен одним турбореактивным двигателем с форсажной камерой, который на поздних модификациях позволял развивать скорость до 2175 км\\/ч, что соответствует числу Маха 2.05. Вооружение МиГ-21 варьировалось в зависимости от модификации, но типично включало встроенную двуствольную пушку ГШ-23Л и подвесные управляемые ракеты \\\\\\\"воздух-воздух\\\\\\\" различной дальности, от ближнего боя Р-3С до более современных Р-60, а также неуправляемые ракеты и бомбы для действия по наземным целям. Пилот размещался в компактной кабине под фонарем, который на большинстве модификаций открывался вперед-вверх, а катапультирование осуществлялось с помощью системы спасения СК. Одной из ключевых особенностей МиГ-21 стала его феноменальная популярность и распространенность по всему миру. Этот самолет производился в СССР, а также по лицензии в Индии и Чехословакии, а его китайский клон Chengdu J-7 выпускался вплоть до 2013 года. Общий выпуск всех модификаций превысил 11 500 экземпляров, что сделало его самым массовым сверхзвуковым истребителем в истории авиации. Он стоял на вооружении ВВС более 60 стран мира от стран Варшавского договора до государств Азии, Африки и Ближнего Востока. Его боевое применение было чрезвычайно широким: он участвовал в войне во Вьетнаме, где успешно противостоял более сложным американским истребителям, в арабо-израильских конфликтах, в индо-пакистанских войнах и во множестве других локальных войн. Причины такой долгой службы и популярности кроются в его выдающихся для своего времени характеристиках, а именно в простоте конструкции, надежности, низкой стоимости производства и обслуживания, а также в легкости управления. Несмотря на малый запас топлива и скромные возможности бортового радиоэлектронного оборудования по сравнению с современными ему западными аналогами, такими как американский F-4 \\\\\\\"Фантом\\\\\\\", МиГ-21 оставался грозным оружием в умелых руках. Его модернизационный потенциал оказался огромным: многие страны, включая Румынию и Индию, проводили глубокие модернизации своих парков, устанавливая новейшую авионику, радары и системы вооружения, что позволило ему оставаться в строю до XXI века. Таким образом, МиГ-21 — это не просто самолет, а настоящая легенда и символ целой эпохи в истории военной авиации, олицетворявший собой советский подход к созданию эффективного, массового и простого в эксплуатации истребителя, который на десятилетия определил облик воздушных сил многих государств мира.\",\"Country_ID\":1,\"Weapon_ID\":16,\"War_ID\":15,\"Year_of_commissioning\":\"1959\",\"Year_of_decommissioning\":\"2001\",\"In_service\":0,\"CountryName\":\"СССР\",\"WeaponName\":\"\",\"WeaponType\":\"Стрелково-пушечное\",\"WeaponCalibre\":\"23 мм и 30 мм.\",\"WarPeriod\":\"Афганская война\"}', '{\"Name\":\"МиГ-21\",\"History\":\"История создания МиГ-21 началась в разгар холодной войны, когда опыт корейской войны показал, что будущее за реактивными самолетами, способными летать на сверхзвуковых скоростях. ОКБ Микояна и Гуревича, уже имевшее огромный успех с истребителями МиГ-15 и МиГ-17, в начале 1950-х годов приступило к разработке нового фронтового истребителя. Итогом этих работ стал первый советский серийный сверхзвуковой истребитель МиГ-19, но конструкторы почти сразу же начали проектировать его преемника, который должен был летать быстрее звука вдвое. После испытаний нескольких прототипов, таких как Е-2 с стреловидным крылом и Е-4 с треугольным, выбор был сделан в пользу более перспективного треугольного крыла. Опытный самолет Е-6, совершивший первый полет в 1958 году, стал окончательным прототипом и в 1959 году был принят на вооружение под обозначением МиГ-21. Это был истребитель второго поколения, созданный в эпоху, когда главным считалась скорость и высота полета, а основным оружием — управляемые ракеты и пушки. Что касается описания самолета, то МиГ-21 представлял собой классический для своего времени сверхзвуковой истребитель. Его аэродинамическая схема с тонким фюзеляжем и низкорасположенным треугольным крылом была подчинена одной цели — достижению максимальной скорости. Самолет был оснащен одним турбореактивным двигателем с форсажной камерой, который на поздних модификациях позволял развивать скорость до 2175 км\\/ч, что соответствует числу Маха 2.05. Вооружение МиГ-21 варьировалось в зависимости от модификации, но типично включало встроенную двуствольную пушку ГШ-23Л и подвесные управляемые ракеты \\\"воздух-воздух\\\" различной дальности, от ближнего боя Р-3С до более современных Р-60, а также неуправляемые ракеты и бомбы для действия по наземным целям. Пилот размещался в компактной кабине под фонарем, который на большинстве модификаций открывался вперед-вверх, а катапультирование осуществлялось с помощью системы спасения СК. Одной из ключевых особенностей МиГ-21 стала его феноменальная популярность и распространенность по всему миру. Этот самолет производился в СССР, а также по лицензии в Индии и Чехословакии, а его китайский клон Chengdu J-7 выпускался вплоть до 2013 года. Общий выпуск всех модификаций превысил 11 500 экземпляров, что сделало его самым массовым сверхзвуковым истребителем в истории авиации. Он стоял на вооружении ВВС более 60 стран мира от стран Варшавского договора до государств Азии, Африки и Ближнего Востока. Его боевое применение было чрезвычайно широким: он участвовал в войне во Вьетнаме, где успешно противостоял более сложным американским истребителям, в арабо-израильских конфликтах, в индо-пакистанских войнах и во множестве других локальных войн. Причины такой долгой службы и популярности кроются в его выдающихся для своего времени характеристиках, а именно в простоте конструкции, надежности, низкой стоимости производства и обслуживания, а также в легкости управления. Несмотря на малый запас топлива и скромные возможности бортового радиоэлектронного оборудования по сравнению с современными ему западными аналогами, такими как американский F-4 \\\"Фантом\\\", МиГ-21 оставался грозным оружием в умелых руках. Его модернизационный потенциал оказался огромным: многие страны, включая Румынию и Индию, проводили глубокие модернизации своих парков, устанавливая новейшую авионику, радары и системы вооружения, что позволило ему оставаться в строю до XXI века. Таким образом, МиГ-21 — это не просто самолет, а настоящая легенда и символ целой эпохи в истории военной авиации, олицетворявший собой советский подход к созданию эффективного, массового и простого в эксплуатации истребителя, который на десятилетия определил облик воздушных сил многих государств мира.\",\"Country_ID\":1,\"Weapon_ID\":16,\"War_ID\":15,\"Year_of_commissioning\":1959,\"Year_of_decommissioning\":2001,\"In_service\":0,\"CountryName\":\"СССР\",\"WeaponName\":\"\",\"WeaponType\":\"Стрелково-пушечное\",\"WeaponCalibre\":\"23 мм и 30 мм.\",\"WarPeriod\":\"Афганская война\"}', '::1', 'Mozilla/5.0 (X11; Linux x86_64; rv:109.0) Gecko/20100101 Firefox/115.0', '2025-11-15 09:39:10');
INSERT INTO `Logs` (`ID`, `User_ID`, `Action_Type`, `Table_Name`, `Record_ID`, `Description`, `Old_Values`, `New_Values`, `IP_Address`, `User_Agent`, `Created_At`) VALUES ('71', NULL, 'delete', 'Vehicle', '65', 'Удален танк: Archer', NULL, NULL, '::1', 'Mozilla/5.0 (X11; Linux x86_64; rv:109.0) Gecko/20100101 Firefox/115.0', '2025-11-15 09:39:31');
INSERT INTO `Logs` (`ID`, `User_ID`, `Action_Type`, `Table_Name`, `Record_ID`, `Description`, `Old_Values`, `New_Values`, `IP_Address`, `User_Agent`, `Created_At`) VALUES ('72', NULL, 'create', 'Vehicle', '80', 'Добавлен новый танк: Тест1', NULL, NULL, '::1', 'Mozilla/5.0 (X11; Linux x86_64; rv:109.0) Gecko/20100101 Firefox/115.0', '2025-11-15 09:40:46');
INSERT INTO `Logs` (`ID`, `User_ID`, `Action_Type`, `Table_Name`, `Record_ID`, `Description`, `Old_Values`, `New_Values`, `IP_Address`, `User_Agent`, `Created_At`) VALUES ('73', NULL, 'create', 'vehicle_images', '71', 'Добавлено изображение для танка: Тест1', NULL, NULL, '::1', 'Mozilla/5.0 (X11; Linux x86_64; rv:109.0) Gecko/20100101 Firefox/115.0', '2025-11-15 09:40:46');
INSERT INTO `Logs` (`ID`, `User_ID`, `Action_Type`, `Table_Name`, `Record_ID`, `Description`, `Old_Values`, `New_Values`, `IP_Address`, `User_Agent`, `Created_At`) VALUES ('74', NULL, 'update', 'Vehicle', '80', 'Обновлено изображение для танка \'\'', '{\"image_action\":\"image_updated\",\"old_image_path\":\"uploads\\/tank_80_1763174199.png\"}', '{\"image_action\":\"image_updated\",\"new_image_path\":\"uploads\\/vehicle_images\\/vehicle_80_1763174213.png\"}', '::1', 'Mozilla/5.0 (X11; Linux x86_64; rv:109.0) Gecko/20100101 Firefox/115.0', '2025-11-15 09:41:00');
INSERT INTO `Logs` (`ID`, `User_ID`, `Action_Type`, `Table_Name`, `Record_ID`, `Description`, `Old_Values`, `New_Values`, `IP_Address`, `User_Agent`, `Created_At`) VALUES ('75', NULL, 'logout', 'Users', '16', 'Выход из системы', NULL, NULL, '::1', 'Mozilla/5.0 (X11; Linux x86_64; rv:109.0) Gecko/20100101 Firefox/115.0', '2025-11-15 09:42:21');
INSERT INTO `Logs` (`ID`, `User_ID`, `Action_Type`, `Table_Name`, `Record_ID`, `Description`, `Old_Values`, `New_Values`, `IP_Address`, `User_Agent`, `Created_At`) VALUES ('76', '6', 'login', 'Users', '6', 'Неудачная попытка входа', NULL, NULL, '::1', 'Mozilla/5.0 (X11; Linux x86_64; rv:109.0) Gecko/20100101 Firefox/115.0', '2025-11-15 09:43:10');
INSERT INTO `Logs` (`ID`, `User_ID`, `Action_Type`, `Table_Name`, `Record_ID`, `Description`, `Old_Values`, `New_Values`, `IP_Address`, `User_Agent`, `Created_At`) VALUES ('77', '6', 'login', 'Users', '6', 'Успешный вход в систему', NULL, NULL, '::1', 'Mozilla/5.0 (X11; Linux x86_64; rv:109.0) Gecko/20100101 Firefox/115.0', '2025-11-15 09:43:42');
INSERT INTO `Logs` (`ID`, `User_ID`, `Action_Type`, `Table_Name`, `Record_ID`, `Description`, `Old_Values`, `New_Values`, `IP_Address`, `User_Agent`, `Created_At`) VALUES ('78', '6', 'logout', 'Users', '6', 'Выход из системы', NULL, NULL, '::1', 'Mozilla/5.0 (X11; Linux x86_64; rv:109.0) Gecko/20100101 Firefox/115.0', '2025-11-15 09:44:44');
INSERT INTO `Logs` (`ID`, `User_ID`, `Action_Type`, `Table_Name`, `Record_ID`, `Description`, `Old_Values`, `New_Values`, `IP_Address`, `User_Agent`, `Created_At`) VALUES ('79', NULL, 'login', 'Users', '16', 'Успешный вход в систему', NULL, NULL, '::1', 'Mozilla/5.0 (X11; Linux x86_64; rv:109.0) Gecko/20100101 Firefox/115.0', '2025-11-15 09:45:08');
INSERT INTO `Logs` (`ID`, `User_ID`, `Action_Type`, `Table_Name`, `Record_ID`, `Description`, `Old_Values`, `New_Values`, `IP_Address`, `User_Agent`, `Created_At`) VALUES ('80', NULL, 'update', 'Vehicle', '80', 'Танк \'Тест1\' отредактирован пользователем ID: 16', '{\"Name\":\"Тест1\",\"History\":\"текст\",\"Country_ID\":6,\"Weapon_ID\":67,\"War_ID\":null,\"Year_of_commissioning\":\"2077\",\"Year_of_decommissioning\":\"\",\"In_service\":1,\"CountryName\":\"Великобритания\",\"WeaponName\":\"гаусс\",\"WeaponType\":\"пушка\",\"WeaponCalibre\":\"23 мм и 30 мм.\",\"WarPeriod\":\"\"}', '{\"Name\":\"Тест123\",\"History\":\"текст\",\"Country_ID\":6,\"Weapon_ID\":67,\"War_ID\":null,\"Year_of_commissioning\":2020,\"Year_of_decommissioning\":0,\"In_service\":1,\"CountryName\":\"Великобритания\",\"WeaponName\":\"гаусс\",\"WeaponType\":\"пушка\",\"WeaponCalibre\":\"23 мм и 30 мм.\",\"WarPeriod\":\"\"}', '::1', 'Mozilla/5.0 (X11; Linux x86_64; rv:109.0) Gecko/20100101 Firefox/115.0', '2025-11-15 09:46:39');
INSERT INTO `Logs` (`ID`, `User_ID`, `Action_Type`, `Table_Name`, `Record_ID`, `Description`, `Old_Values`, `New_Values`, `IP_Address`, `User_Agent`, `Created_At`) VALUES ('81', NULL, 'create', 'Vehicle', '81', 'Добавлен новый танк: вы', NULL, NULL, '::1', 'Mozilla/5.0 (X11; Linux x86_64; rv:109.0) Gecko/20100101 Firefox/115.0', '2025-11-15 09:47:24');
INSERT INTO `Logs` (`ID`, `User_ID`, `Action_Type`, `Table_Name`, `Record_ID`, `Description`, `Old_Values`, `New_Values`, `IP_Address`, `User_Agent`, `Created_At`) VALUES ('82', NULL, 'delete', 'Vehicle', '81', 'Удален танк: вы', NULL, NULL, '::1', 'Mozilla/5.0 (X11; Linux x86_64; rv:109.0) Gecko/20100101 Firefox/115.0', '2025-11-15 09:47:32');
INSERT INTO `Logs` (`ID`, `User_ID`, `Action_Type`, `Table_Name`, `Record_ID`, `Description`, `Old_Values`, `New_Values`, `IP_Address`, `User_Agent`, `Created_At`) VALUES ('83', NULL, 'logout', 'Users', '16', 'Выход из системы', NULL, NULL, '::1', 'Mozilla/5.0 (X11; Linux x86_64; rv:109.0) Gecko/20100101 Firefox/115.0', '2025-11-15 09:48:32');
INSERT INTO `Logs` (`ID`, `User_ID`, `Action_Type`, `Table_Name`, `Record_ID`, `Description`, `Old_Values`, `New_Values`, `IP_Address`, `User_Agent`, `Created_At`) VALUES ('84', NULL, 'login', 'Users', '30', 'Неудачная попытка входа', NULL, NULL, '::1', 'Mozilla/5.0 (X11; Linux x86_64; rv:109.0) Gecko/20100101 Firefox/115.0', '2025-11-15 09:48:50');
INSERT INTO `Logs` (`ID`, `User_ID`, `Action_Type`, `Table_Name`, `Record_ID`, `Description`, `Old_Values`, `New_Values`, `IP_Address`, `User_Agent`, `Created_At`) VALUES ('85', NULL, 'login', 'Users', '16', 'Успешный вход в систему', NULL, NULL, '::1', 'Mozilla/5.0 (X11; Linux x86_64; rv:109.0) Gecko/20100101 Firefox/115.0', '2025-11-15 09:49:58');
INSERT INTO `Logs` (`ID`, `User_ID`, `Action_Type`, `Table_Name`, `Record_ID`, `Description`, `Old_Values`, `New_Values`, `IP_Address`, `User_Agent`, `Created_At`) VALUES ('86', NULL, 'logout', 'Users', '16', 'Выход из системы', NULL, NULL, '::1', 'Mozilla/5.0 (X11; Linux x86_64; rv:109.0) Gecko/20100101 Firefox/115.0', '2025-11-15 09:52:58');
INSERT INTO `Logs` (`ID`, `User_ID`, `Action_Type`, `Table_Name`, `Record_ID`, `Description`, `Old_Values`, `New_Values`, `IP_Address`, `User_Agent`, `Created_At`) VALUES ('87', '6', 'login', 'Users', '6', 'Успешный вход в систему', NULL, NULL, '::1', 'Mozilla/5.0 (X11; Linux x86_64; rv:109.0) Gecko/20100101 Firefox/115.0', '2025-11-15 09:53:33');
INSERT INTO `Logs` (`ID`, `User_ID`, `Action_Type`, `Table_Name`, `Record_ID`, `Description`, `Old_Values`, `New_Values`, `IP_Address`, `User_Agent`, `Created_At`) VALUES ('88', '6', 'update', 'Vehicle', '80', 'Танк \'Тест123\' отредактирован пользователем ID: 6', '{\"Name\":\"Тест123\",\"History\":\"текст\",\"Country_ID\":6,\"Weapon_ID\":67,\"War_ID\":null,\"Year_of_commissioning\":\"2020\",\"Year_of_decommissioning\":\"0\",\"In_service\":1,\"CountryName\":\"Великобритания\",\"WeaponName\":\"гаусс\",\"WeaponType\":\"пушка\",\"WeaponCalibre\":\"23 мм и 30 мм.\",\"WarPeriod\":\"\"}', '{\"Name\":\"Тест123\",\"History\":\"текст\",\"Country_ID\":6,\"Weapon_ID\":67,\"War_ID\":null,\"Year_of_commissioning\":2014,\"Year_of_decommissioning\":0,\"In_service\":1,\"CountryName\":\"Великобритания\",\"WeaponName\":\"гаусс\",\"WeaponType\":\"пушка\",\"WeaponCalibre\":\"23 мм и 30 мм.\",\"WarPeriod\":\"\"}', '::1', 'Mozilla/5.0 (X11; Linux x86_64; rv:109.0) Gecko/20100101 Firefox/115.0', '2025-11-15 09:54:21');
INSERT INTO `Logs` (`ID`, `User_ID`, `Action_Type`, `Table_Name`, `Record_ID`, `Description`, `Old_Values`, `New_Values`, `IP_Address`, `User_Agent`, `Created_At`) VALUES ('89', '6', 'create', 'Vehicle', '82', 'Добавлен новый танк: вывы', NULL, NULL, '::1', 'Mozilla/5.0 (X11; Linux x86_64; rv:109.0) Gecko/20100101 Firefox/115.0', '2025-11-15 09:54:54');
INSERT INTO `Logs` (`ID`, `User_ID`, `Action_Type`, `Table_Name`, `Record_ID`, `Description`, `Old_Values`, `New_Values`, `IP_Address`, `User_Agent`, `Created_At`) VALUES ('90', '6', 'create', 'vehicle_images', '72', 'Добавлено изображение для танка: вывы', NULL, NULL, '::1', 'Mozilla/5.0 (X11; Linux x86_64; rv:109.0) Gecko/20100101 Firefox/115.0', '2025-11-15 09:54:54');
INSERT INTO `Logs` (`ID`, `User_ID`, `Action_Type`, `Table_Name`, `Record_ID`, `Description`, `Old_Values`, `New_Values`, `IP_Address`, `User_Agent`, `Created_At`) VALUES ('91', '6', 'delete', 'Vehicle', '82', 'Удален танк: вывы', NULL, NULL, '::1', 'Mozilla/5.0 (X11; Linux x86_64; rv:109.0) Gecko/20100101 Firefox/115.0', '2025-11-15 09:54:58');
INSERT INTO `Logs` (`ID`, `User_ID`, `Action_Type`, `Table_Name`, `Record_ID`, `Description`, `Old_Values`, `New_Values`, `IP_Address`, `User_Agent`, `Created_At`) VALUES ('92', '6', 'logout', 'Users', '6', 'Выход из системы', NULL, NULL, '::1', 'Mozilla/5.0 (X11; Linux x86_64; rv:109.0) Gecko/20100101 Firefox/115.0', '2025-11-15 09:56:17');
INSERT INTO `Logs` (`ID`, `User_ID`, `Action_Type`, `Table_Name`, `Record_ID`, `Description`, `Old_Values`, `New_Values`, `IP_Address`, `User_Agent`, `Created_At`) VALUES ('93', NULL, 'login', 'Users', '16', 'Успешный вход в систему', NULL, NULL, '::1', 'Mozilla/5.0 (X11; Linux x86_64; rv:109.0) Gecko/20100101 Firefox/115.0', '2025-11-15 09:56:42');
INSERT INTO `Logs` (`ID`, `User_ID`, `Action_Type`, `Table_Name`, `Record_ID`, `Description`, `Old_Values`, `New_Values`, `IP_Address`, `User_Agent`, `Created_At`) VALUES ('94', NULL, 'logout', 'Users', '16', 'Выход из системы', NULL, NULL, '::1', 'Mozilla/5.0 (X11; Linux x86_64; rv:109.0) Gecko/20100101 Firefox/115.0', '2025-11-15 10:00:26');
INSERT INTO `Logs` (`ID`, `User_ID`, `Action_Type`, `Table_Name`, `Record_ID`, `Description`, `Old_Values`, `New_Values`, `IP_Address`, `User_Agent`, `Created_At`) VALUES ('95', '6', 'login', 'Users', '6', 'Успешный вход в систему', NULL, NULL, '::1', 'Mozilla/5.0 (X11; Linux x86_64; rv:109.0) Gecko/20100101 Firefox/115.0', '2025-11-15 10:00:53');
INSERT INTO `Logs` (`ID`, `User_ID`, `Action_Type`, `Table_Name`, `Record_ID`, `Description`, `Old_Values`, `New_Values`, `IP_Address`, `User_Agent`, `Created_At`) VALUES ('96', '6', 'logout', 'Users', '6', 'Выход из системы', NULL, NULL, '::1', 'Mozilla/5.0 (X11; Linux x86_64; rv:109.0) Gecko/20100101 Firefox/115.0', '2025-11-15 10:04:24');
INSERT INTO `Logs` (`ID`, `User_ID`, `Action_Type`, `Table_Name`, `Record_ID`, `Description`, `Old_Values`, `New_Values`, `IP_Address`, `User_Agent`, `Created_At`) VALUES ('97', NULL, 'login', 'Users', '16', 'Успешный вход в систему', NULL, NULL, '::1', 'Mozilla/5.0 (X11; Linux x86_64; rv:109.0) Gecko/20100101 Firefox/115.0', '2025-11-15 10:04:49');
INSERT INTO `Logs` (`ID`, `User_ID`, `Action_Type`, `Table_Name`, `Record_ID`, `Description`, `Old_Values`, `New_Values`, `IP_Address`, `User_Agent`, `Created_At`) VALUES ('98', NULL, 'logout', 'Users', '16', 'Выход из системы', NULL, NULL, '::1', 'Mozilla/5.0 (X11; Linux x86_64; rv:109.0) Gecko/20100101 Firefox/115.0', '2025-11-15 10:05:44');
INSERT INTO `Logs` (`ID`, `User_ID`, `Action_Type`, `Table_Name`, `Record_ID`, `Description`, `Old_Values`, `New_Values`, `IP_Address`, `User_Agent`, `Created_At`) VALUES ('99', '6', 'login', 'Users', '6', 'Успешный вход в систему', NULL, NULL, '::1', 'Mozilla/5.0 (X11; Linux x86_64; rv:109.0) Gecko/20100101 Firefox/115.0', '2025-11-15 10:06:15');
INSERT INTO `Logs` (`ID`, `User_ID`, `Action_Type`, `Table_Name`, `Record_ID`, `Description`, `Old_Values`, `New_Values`, `IP_Address`, `User_Agent`, `Created_At`) VALUES ('100', '6', 'favorite_add', 'user_favorites', '46', 'Бомбардировщик \'\' добавлен в избранное пользователем ID: 6', NULL, NULL, '::1', 'Mozilla/5.0 (X11; Linux x86_64; rv:109.0) Gecko/20100101 Firefox/115.0', '2025-11-15 10:16:30');
INSERT INTO `Logs` (`ID`, `User_ID`, `Action_Type`, `Table_Name`, `Record_ID`, `Description`, `Old_Values`, `New_Values`, `IP_Address`, `User_Agent`, `Created_At`) VALUES ('101', '6', 'logout', 'Users', '6', 'Выход из системы', NULL, NULL, '::1', 'Mozilla/5.0 (X11; Linux x86_64; rv:109.0) Gecko/20100101 Firefox/115.0', '2025-11-15 10:19:19');
INSERT INTO `Logs` (`ID`, `User_ID`, `Action_Type`, `Table_Name`, `Record_ID`, `Description`, `Old_Values`, `New_Values`, `IP_Address`, `User_Agent`, `Created_At`) VALUES ('102', '6', 'login', 'Users', '6', 'Неудачная попытка входа', NULL, NULL, '::1', 'Mozilla/5.0 (X11; Linux x86_64; rv:109.0) Gecko/20100101 Firefox/115.0', '2025-11-15 10:19:35');
INSERT INTO `Logs` (`ID`, `User_ID`, `Action_Type`, `Table_Name`, `Record_ID`, `Description`, `Old_Values`, `New_Values`, `IP_Address`, `User_Agent`, `Created_At`) VALUES ('103', '6', 'login', 'Users', '6', 'Неудачная попытка входа', NULL, NULL, '::1', 'Mozilla/5.0 (X11; Linux x86_64; rv:109.0) Gecko/20100101 Firefox/115.0', '2025-11-15 10:19:44');
INSERT INTO `Logs` (`ID`, `User_ID`, `Action_Type`, `Table_Name`, `Record_ID`, `Description`, `Old_Values`, `New_Values`, `IP_Address`, `User_Agent`, `Created_At`) VALUES ('104', '6', 'login', 'Users', '6', 'Неудачная попытка входа', NULL, NULL, '::1', 'Mozilla/5.0 (X11; Linux x86_64; rv:109.0) Gecko/20100101 Firefox/115.0', '2025-11-15 10:20:10');
INSERT INTO `Logs` (`ID`, `User_ID`, `Action_Type`, `Table_Name`, `Record_ID`, `Description`, `Old_Values`, `New_Values`, `IP_Address`, `User_Agent`, `Created_At`) VALUES ('105', '6', 'login', 'Users', '6', 'Неудачная попытка входа', NULL, NULL, '::1', 'Mozilla/5.0 (X11; Linux x86_64; rv:109.0) Gecko/20100101 Firefox/115.0', '2025-11-15 10:20:31');
INSERT INTO `Logs` (`ID`, `User_ID`, `Action_Type`, `Table_Name`, `Record_ID`, `Description`, `Old_Values`, `New_Values`, `IP_Address`, `User_Agent`, `Created_At`) VALUES ('106', '31', 'login', 'Users', '31', 'Успешный вход в систему', NULL, NULL, '::1', 'Mozilla/5.0 (X11; Linux x86_64; rv:109.0) Gecko/20100101 Firefox/115.0', '2025-11-17 13:01:23');
INSERT INTO `Logs` (`ID`, `User_ID`, `Action_Type`, `Table_Name`, `Record_ID`, `Description`, `Old_Values`, `New_Values`, `IP_Address`, `User_Agent`, `Created_At`) VALUES ('107', '31', 'logout', 'Users', '31', 'Выход из системы', NULL, NULL, '::1', 'Mozilla/5.0 (X11; Linux x86_64; rv:109.0) Gecko/20100101 Firefox/115.0', '2025-11-17 13:03:53');
INSERT INTO `Logs` (`ID`, `User_ID`, `Action_Type`, `Table_Name`, `Record_ID`, `Description`, `Old_Values`, `New_Values`, `IP_Address`, `User_Agent`, `Created_At`) VALUES ('108', '31', 'login', 'Users', '31', 'Успешный вход в систему', NULL, NULL, '::1', 'Mozilla/5.0 (X11; Linux x86_64; rv:109.0) Gecko/20100101 Firefox/115.0', '2025-11-17 13:07:38');
INSERT INTO `Logs` (`ID`, `User_ID`, `Action_Type`, `Table_Name`, `Record_ID`, `Description`, `Old_Values`, `New_Values`, `IP_Address`, `User_Agent`, `Created_At`) VALUES ('109', '31', 'logout', 'Users', '31', 'Выход из системы', NULL, NULL, '::1', 'Mozilla/5.0 (X11; Linux x86_64; rv:109.0) Gecko/20100101 Firefox/115.0', '2025-11-17 13:08:08');
INSERT INTO `Logs` (`ID`, `User_ID`, `Action_Type`, `Table_Name`, `Record_ID`, `Description`, `Old_Values`, `New_Values`, `IP_Address`, `User_Agent`, `Created_At`) VALUES ('110', '6', 'login', 'Users', '6', 'Неудачная попытка входа', NULL, NULL, '::1', 'Mozilla/5.0 (X11; Linux x86_64; rv:109.0) Gecko/20100101 Firefox/115.0', '2025-11-17 13:09:21');
INSERT INTO `Logs` (`ID`, `User_ID`, `Action_Type`, `Table_Name`, `Record_ID`, `Description`, `Old_Values`, `New_Values`, `IP_Address`, `User_Agent`, `Created_At`) VALUES ('111', '6', 'login', 'Users', '6', 'Успешный вход в систему', NULL, NULL, '::1', 'Mozilla/5.0 (X11; Linux x86_64; rv:109.0) Gecko/20100101 Firefox/115.0', '2025-11-17 13:10:45');
INSERT INTO `Logs` (`ID`, `User_ID`, `Action_Type`, `Table_Name`, `Record_ID`, `Description`, `Old_Values`, `New_Values`, `IP_Address`, `User_Agent`, `Created_At`) VALUES ('112', '6', 'create', 'Vehicle', '83', 'Добавлено средство разведки: РУС-2 «Редут»', NULL, NULL, '::1', 'Mozilla/5.0 (X11; Linux x86_64; rv:109.0) Gecko/20100101 Firefox/115.0', '2025-11-17 13:38:22');
INSERT INTO `Logs` (`ID`, `User_ID`, `Action_Type`, `Table_Name`, `Record_ID`, `Description`, `Old_Values`, `New_Values`, `IP_Address`, `User_Agent`, `Created_At`) VALUES ('113', '6', 'create', 'vehicle_images', '73', 'Добавлено изображение для средства разведки: РУС-2 «Редут»', NULL, NULL, '::1', 'Mozilla/5.0 (X11; Linux x86_64; rv:109.0) Gecko/20100101 Firefox/115.0', '2025-11-17 13:38:22');
INSERT INTO `Logs` (`ID`, `User_ID`, `Action_Type`, `Table_Name`, `Record_ID`, `Description`, `Old_Values`, `New_Values`, `IP_Address`, `User_Agent`, `Created_At`) VALUES ('114', '6', 'update', 'Vehicle', '83', 'Обновлено изображение для средства разведки \'\'', '{\"image_action\":\"image_updated\",\"old_image_path\":\"uploads\\/recon_83_1763361339.png\"}', '{\"image_action\":\"image_updated\",\"new_image_path\":\"uploads\\/vehicle_images\\/recon_83_1763361921.png\"}', '::1', 'Mozilla/5.0 (X11; Linux x86_64; rv:109.0) Gecko/20100101 Firefox/115.0', '2025-11-17 13:48:04');
INSERT INTO `Logs` (`ID`, `User_ID`, `Action_Type`, `Table_Name`, `Record_ID`, `Description`, `Old_Values`, `New_Values`, `IP_Address`, `User_Agent`, `Created_At`) VALUES ('115', '6', 'create', 'Vehicle', '84', 'Добавлено средство разведки: СОН-2 (Станция орудийной наводки)', NULL, NULL, '::1', 'Mozilla/5.0 (X11; Linux x86_64; rv:109.0) Gecko/20100101 Firefox/115.0', '2025-11-17 13:59:48');
INSERT INTO `Logs` (`ID`, `User_ID`, `Action_Type`, `Table_Name`, `Record_ID`, `Description`, `Old_Values`, `New_Values`, `IP_Address`, `User_Agent`, `Created_At`) VALUES ('116', '6', 'create', 'vehicle_images', '74', 'Добавлено изображение для средства разведки: СОН-2 (Станция орудийной наводки)', NULL, NULL, '::1', 'Mozilla/5.0 (X11; Linux x86_64; rv:109.0) Gecko/20100101 Firefox/115.0', '2025-11-17 13:59:48');
INSERT INTO `Logs` (`ID`, `User_ID`, `Action_Type`, `Table_Name`, `Record_ID`, `Description`, `Old_Values`, `New_Values`, `IP_Address`, `User_Agent`, `Created_At`) VALUES ('117', '6', 'create', 'Vehicle', '85', 'Добавлено средство разведки: С-25 «Беркут»', NULL, NULL, '::1', 'Mozilla/5.0 (X11; Linux x86_64; rv:109.0) Gecko/20100101 Firefox/115.0', '2025-11-17 14:05:51');
INSERT INTO `Logs` (`ID`, `User_ID`, `Action_Type`, `Table_Name`, `Record_ID`, `Description`, `Old_Values`, `New_Values`, `IP_Address`, `User_Agent`, `Created_At`) VALUES ('118', '6', 'create', 'vehicle_images', '75', 'Добавлено изображение для средства разведки: С-25 «Беркут»', NULL, NULL, '::1', 'Mozilla/5.0 (X11; Linux x86_64; rv:109.0) Gecko/20100101 Firefox/115.0', '2025-11-17 14:05:51');
INSERT INTO `Logs` (`ID`, `User_ID`, `Action_Type`, `Table_Name`, `Record_ID`, `Description`, `Old_Values`, `New_Values`, `IP_Address`, `User_Agent`, `Created_At`) VALUES ('119', '6', 'login', 'Users', '6', 'Успешный вход в систему', NULL, NULL, '127.0.0.1', 'Mozilla/5.0 (Windows NT 10.0; Win64; x64) AppleWebKit/537.36 (KHTML, like Gecko) Chrome/140.0.0.0 YaBrowser/25.10.0.0 Safari/537.36', '2025-11-17 15:32:10');
INSERT INTO `Logs` (`ID`, `User_ID`, `Action_Type`, `Table_Name`, `Record_ID`, `Description`, `Old_Values`, `New_Values`, `IP_Address`, `User_Agent`, `Created_At`) VALUES ('120', '6', 'logout', 'Users', '6', 'Выход из системы', NULL, NULL, '127.0.0.1', 'Mozilla/5.0 (Windows NT 10.0; Win64; x64) AppleWebKit/537.36 (KHTML, like Gecko) Chrome/140.0.0.0 YaBrowser/25.10.0.0 Safari/537.36', '2025-11-17 16:33:20');
INSERT INTO `Logs` (`ID`, `User_ID`, `Action_Type`, `Table_Name`, `Record_ID`, `Description`, `Old_Values`, `New_Values`, `IP_Address`, `User_Agent`, `Created_At`) VALUES ('121', '31', 'login', 'Users', '31', 'Успешный вход в систему', NULL, NULL, '127.0.0.1', 'Mozilla/5.0 (Windows NT 10.0; Win64; x64) AppleWebKit/537.36 (KHTML, like Gecko) Chrome/140.0.0.0 YaBrowser/25.10.0.0 Safari/537.36', '2025-11-17 16:33:34');
INSERT INTO `Logs` (`ID`, `User_ID`, `Action_Type`, `Table_Name`, `Record_ID`, `Description`, `Old_Values`, `New_Values`, `IP_Address`, `User_Agent`, `Created_At`) VALUES ('122', '31', 'logout', 'Users', '31', 'Выход из системы', NULL, NULL, '127.0.0.1', 'Mozilla/5.0 (Windows NT 10.0; Win64; x64) AppleWebKit/537.36 (KHTML, like Gecko) Chrome/140.0.0.0 YaBrowser/25.10.0.0 Safari/537.36', '2025-11-17 16:55:16');
INSERT INTO `Logs` (`ID`, `User_ID`, `Action_Type`, `Table_Name`, `Record_ID`, `Description`, `Old_Values`, `New_Values`, `IP_Address`, `User_Agent`, `Created_At`) VALUES ('123', '32', 'login', 'Users', '32', 'Успешный вход в систему', NULL, NULL, '127.0.0.1', 'Mozilla/5.0 (Windows NT 10.0; Win64; x64) AppleWebKit/537.36 (KHTML, like Gecko) Chrome/140.0.0.0 YaBrowser/25.10.0.0 Safari/537.36', '2025-11-17 16:56:29');
INSERT INTO `Logs` (`ID`, `User_ID`, `Action_Type`, `Table_Name`, `Record_ID`, `Description`, `Old_Values`, `New_Values`, `IP_Address`, `User_Agent`, `Created_At`) VALUES ('124', '32', 'logout', 'Users', '32', 'Выход из системы', NULL, NULL, '127.0.0.1', 'Mozilla/5.0 (Windows NT 10.0; Win64; x64) AppleWebKit/537.36 (KHTML, like Gecko) Chrome/140.0.0.0 YaBrowser/25.10.0.0 Safari/537.36', '2025-11-17 16:56:57');
INSERT INTO `Logs` (`ID`, `User_ID`, `Action_Type`, `Table_Name`, `Record_ID`, `Description`, `Old_Values`, `New_Values`, `IP_Address`, `User_Agent`, `Created_At`) VALUES ('125', '6', 'login', 'Users', '6', 'Успешный вход в систему', NULL, NULL, '127.0.0.1', 'Mozilla/5.0 (Windows NT 10.0; Win64; x64) AppleWebKit/537.36 (KHTML, like Gecko) Chrome/140.0.0.0 YaBrowser/25.10.0.0 Safari/537.36', '2025-11-17 16:57:14');

--
-- Table structure for table `Role`
--
DROP TABLE IF EXISTS `Role`;
CREATE TABLE `Role` (
  `ID` int(15) NOT NULL AUTO_INCREMENT,
  `Name` varchar(50) NOT NULL,
  PRIMARY KEY (`ID`)
) ENGINE=InnoDB AUTO_INCREMENT=5 DEFAULT CHARSET=utf8mb4 COLLATE=utf8mb4_unicode_ci;

--
-- Dumping data for table `Role`
--
INSERT INTO `Role` (`ID`, `Name`) VALUES ('1', 'Пользователь');
INSERT INTO `Role` (`ID`, `Name`) VALUES ('2', 'Администратор');
INSERT INTO `Role` (`ID`, `Name`) VALUES ('3', 'Модератор');
INSERT INTO `Role` (`ID`, `Name`) VALUES ('4', 'Главный администратор');

--
-- Table structure for table `Service`
--
DROP TABLE IF EXISTS `Service`;
CREATE TABLE `Service` (
  `ID` int(5) NOT NULL AUTO_INCREMENT,
  `In_service` tinyint(1) NOT NULL,
  `Year_of_commissioning` varchar(50) NOT NULL,
  `Year_of_decommissioning` varchar(30) DEFAULT NULL,
  PRIMARY KEY (`ID`)
) ENGINE=InnoDB AUTO_INCREMENT=73 DEFAULT CHARSET=utf8mb4 COLLATE=utf8mb4_unicode_ci;

--
-- Dumping data for table `Service`
--
INSERT INTO `Service` (`ID`, `In_service`, `Year_of_commissioning`, `Year_of_decommissioning`) VALUES ('2', '0', '1951', '1970');
INSERT INTO `Service` (`ID`, `In_service`, `Year_of_commissioning`, `Year_of_decommissioning`) VALUES ('8', '0', '1949', '2006');
INSERT INTO `Service` (`ID`, `In_service`, `Year_of_commissioning`, `Year_of_decommissioning`) VALUES ('9', '0', '1951', '1971');
INSERT INTO `Service` (`ID`, `In_service`, `Year_of_commissioning`, `Year_of_decommissioning`) VALUES ('10', '0', '1955', '1989');
INSERT INTO `Service` (`ID`, `In_service`, `Year_of_commissioning`, `Year_of_decommissioning`) VALUES ('11', '0', '1955', '1967');
INSERT INTO `Service` (`ID`, `In_service`, `Year_of_commissioning`, `Year_of_decommissioning`) VALUES ('17', '0', '1959', '2001');
INSERT INTO `Service` (`ID`, `In_service`, `Year_of_commissioning`, `Year_of_decommissioning`) VALUES ('18', '0', '1959', '1981');
INSERT INTO `Service` (`ID`, `In_service`, `Year_of_commissioning`, `Year_of_decommissioning`) VALUES ('19', '0', '1962', '1965');
INSERT INTO `Service` (`ID`, `In_service`, `Year_of_commissioning`, `Year_of_decommissioning`) VALUES ('20', '1', '1970', '');
INSERT INTO `Service` (`ID`, `In_service`, `Year_of_commissioning`, `Year_of_decommissioning`) VALUES ('21', '1', '1969', '');
INSERT INTO `Service` (`ID`, `In_service`, `Year_of_commissioning`, `Year_of_decommissioning`) VALUES ('22', '0', '1927', '1931');
INSERT INTO `Service` (`ID`, `In_service`, `Year_of_commissioning`, `Year_of_decommissioning`) VALUES ('24', '1', '1983', '');
INSERT INTO `Service` (`ID`, `In_service`, `Year_of_commissioning`, `Year_of_decommissioning`) VALUES ('25', '1', '1985', '');
INSERT INTO `Service` (`ID`, `In_service`, `Year_of_commissioning`, `Year_of_decommissioning`) VALUES ('26', '1', '1981', '0');
INSERT INTO `Service` (`ID`, `In_service`, `Year_of_commissioning`, `Year_of_decommissioning`) VALUES ('27', '1', '2020', '');
INSERT INTO `Service` (`ID`, `In_service`, `Year_of_commissioning`, `Year_of_decommissioning`) VALUES ('28', '1', '1972', '');
INSERT INTO `Service` (`ID`, `In_service`, `Year_of_commissioning`, `Year_of_decommissioning`) VALUES ('29', '1', '2013', '');
INSERT INTO `Service` (`ID`, `In_service`, `Year_of_commissioning`, `Year_of_decommissioning`) VALUES ('30', '0', '1995', '2009');
INSERT INTO `Service` (`ID`, `In_service`, `Year_of_commissioning`, `Year_of_decommissioning`) VALUES ('31', '1', '2011', '');
INSERT INTO `Service` (`ID`, `In_service`, `Year_of_commissioning`, `Year_of_decommissioning`) VALUES ('32', '0', '1953', '1988');
INSERT INTO `Service` (`ID`, `In_service`, `Year_of_commissioning`, `Year_of_decommissioning`) VALUES ('33', '0', '1963', '2002');
INSERT INTO `Service` (`ID`, `In_service`, `Year_of_commissioning`, `Year_of_decommissioning`) VALUES ('34', '1', '1965', '');
INSERT INTO `Service` (`ID`, `In_service`, `Year_of_commissioning`, `Year_of_decommissioning`) VALUES ('35', '1', '1980', '');
INSERT INTO `Service` (`ID`, `In_service`, `Year_of_commissioning`, `Year_of_decommissioning`) VALUES ('36', '1', '1992', '');
INSERT INTO `Service` (`ID`, `In_service`, `Year_of_commissioning`, `Year_of_decommissioning`) VALUES ('37', '1', '1987', '');
INSERT INTO `Service` (`ID`, `In_service`, `Year_of_commissioning`, `Year_of_decommissioning`) VALUES ('38', '1', '2010', '');
INSERT INTO `Service` (`ID`, `In_service`, `Year_of_commissioning`, `Year_of_decommissioning`) VALUES ('39', '1', '1956', '');
INSERT INTO `Service` (`ID`, `In_service`, `Year_of_commissioning`, `Year_of_decommissioning`) VALUES ('40', '1', '1976', '');
INSERT INTO `Service` (`ID`, `In_service`, `Year_of_commissioning`, `Year_of_decommissioning`) VALUES ('41', '0', '1975', '2016');
INSERT INTO `Service` (`ID`, `In_service`, `Year_of_commissioning`, `Year_of_decommissioning`) VALUES ('42', '1', '2014', '');
INSERT INTO `Service` (`ID`, `In_service`, `Year_of_commissioning`, `Year_of_decommissioning`) VALUES ('43', '0', '1941', '1954');
INSERT INTO `Service` (`ID`, `In_service`, `Year_of_commissioning`, `Year_of_decommissioning`) VALUES ('44', '0', '1945', '1962');
INSERT INTO `Service` (`ID`, `In_service`, `Year_of_commissioning`, `Year_of_decommissioning`) VALUES ('45', '0', '1960', '1986');
INSERT INTO `Service` (`ID`, `In_service`, `Year_of_commissioning`, `Year_of_decommissioning`) VALUES ('46', '0', '1951', '1990');
INSERT INTO `Service` (`ID`, `In_service`, `Year_of_commissioning`, `Year_of_decommissioning`) VALUES ('47', '0', '1941', '1960');
INSERT INTO `Service` (`ID`, `In_service`, `Year_of_commissioning`, `Year_of_decommissioning`) VALUES ('48', '0', '1963', '2013');
INSERT INTO `Service` (`ID`, `In_service`, `Year_of_commissioning`, `Year_of_decommissioning`) VALUES ('49', '0', '1948', '1980');
INSERT INTO `Service` (`ID`, `In_service`, `Year_of_commissioning`, `Year_of_decommissioning`) VALUES ('50', '1', '2021', '');
INSERT INTO `Service` (`ID`, `In_service`, `Year_of_commissioning`, `Year_of_decommissioning`) VALUES ('51', '0', '1945', '1973');
INSERT INTO `Service` (`ID`, `In_service`, `Year_of_commissioning`, `Year_of_decommissioning`) VALUES ('52', '0', '1954', '1993');
INSERT INTO `Service` (`ID`, `In_service`, `Year_of_commissioning`, `Year_of_decommissioning`) VALUES ('53', '0', '1944', '1960');
INSERT INTO `Service` (`ID`, `In_service`, `Year_of_commissioning`, `Year_of_decommissioning`) VALUES ('54', '0', '1944', '1950');
INSERT INTO `Service` (`ID`, `In_service`, `Year_of_commissioning`, `Year_of_decommissioning`) VALUES ('55', '0', '1944', '1956');
INSERT INTO `Service` (`ID`, `In_service`, `Year_of_commissioning`, `Year_of_decommissioning`) VALUES ('56', '1', '2016', '0');
INSERT INTO `Service` (`ID`, `In_service`, `Year_of_commissioning`, `Year_of_decommissioning`) VALUES ('57', '0', '1971', '2012');
INSERT INTO `Service` (`ID`, `In_service`, `Year_of_commissioning`, `Year_of_decommissioning`) VALUES ('58', '1', '1979', '');
INSERT INTO `Service` (`ID`, `In_service`, `Year_of_commissioning`, `Year_of_decommissioning`) VALUES ('59', '0', '1965', '2010');
INSERT INTO `Service` (`ID`, `In_service`, `Year_of_commissioning`, `Year_of_decommissioning`) VALUES ('60', '1', '1960', '');
INSERT INTO `Service` (`ID`, `In_service`, `Year_of_commissioning`, `Year_of_decommissioning`) VALUES ('61', '0', '1950', '1980');
INSERT INTO `Service` (`ID`, `In_service`, `Year_of_commissioning`, `Year_of_decommissioning`) VALUES ('62', '0', '1973', '2010');
INSERT INTO `Service` (`ID`, `In_service`, `Year_of_commissioning`, `Year_of_decommissioning`) VALUES ('63', '1', '2017', '');
INSERT INTO `Service` (`ID`, `In_service`, `Year_of_commissioning`, `Year_of_decommissioning`) VALUES ('64', '1', '2012', '');
INSERT INTO `Service` (`ID`, `In_service`, `Year_of_commissioning`, `Year_of_decommissioning`) VALUES ('65', '0', '1951', '1960');
INSERT INTO `Service` (`ID`, `In_service`, `Year_of_commissioning`, `Year_of_decommissioning`) VALUES ('66', '0', '23', '234');
INSERT INTO `Service` (`ID`, `In_service`, `Year_of_commissioning`, `Year_of_decommissioning`) VALUES ('67', '1', '2014', '0');
INSERT INTO `Service` (`ID`, `In_service`, `Year_of_commissioning`, `Year_of_decommissioning`) VALUES ('68', '1', '1999', '');
INSERT INTO `Service` (`ID`, `In_service`, `Year_of_commissioning`, `Year_of_decommissioning`) VALUES ('69', '1', '1875', '');
INSERT INTO `Service` (`ID`, `In_service`, `Year_of_commissioning`, `Year_of_decommissioning`) VALUES ('70', '0', '1940', '1941');
INSERT INTO `Service` (`ID`, `In_service`, `Year_of_commissioning`, `Year_of_decommissioning`) VALUES ('71', '0', '1942', '1950');
INSERT INTO `Service` (`ID`, `In_service`, `Year_of_commissioning`, `Year_of_decommissioning`) VALUES ('72', '0', '1955', '1990');

--
-- Table structure for table `Type`
--
DROP TABLE IF EXISTS `Type`;
CREATE TABLE `Type` (
  `ID` int(5) NOT NULL AUTO_INCREMENT,
  `Name` varchar(40) NOT NULL,
  PRIMARY KEY (`ID`)
) ENGINE=InnoDB AUTO_INCREMENT=4 DEFAULT CHARSET=utf8mb4 COLLATE=utf8mb4_unicode_ci;

--
-- Dumping data for table `Type`
--
INSERT INTO `Type` (`ID`, `Name`) VALUES ('1', 'Воздушное');
INSERT INTO `Type` (`ID`, `Name`) VALUES ('2', 'Наземное');

--
-- Table structure for table `Users`
--
DROP TABLE IF EXISTS `Users`;
CREATE TABLE `Users` (
  `ID` int(11) NOT NULL AUTO_INCREMENT,
  `Login` varchar(25) NOT NULL,
  `Password` varchar(255) NOT NULL,
  `Date_of_reg` datetime NOT NULL,
  `Date_of_change` datetime DEFAULT NULL,
  `Ban` tinyint(1) NOT NULL,
  `Role_ID` int(15) NOT NULL,
  `avatar_path` varchar(255) DEFAULT NULL,
  `Name` varchar(35) NOT NULL,
  `Email` varchar(255) NOT NULL,
  `verification_code` varchar(10) DEFAULT NULL,
  `code_expires` datetime DEFAULT NULL,
  `failed_login_attempts` int(11) DEFAULT 0,
  `lockout_until` datetime DEFAULT NULL,
  `Failed_Attempts` int(11) DEFAULT 0,
  `Last_login` datetime DEFAULT NULL,
  PRIMARY KEY (`ID`)
) ENGINE=InnoDB AUTO_INCREMENT=33 DEFAULT CHARSET=utf8mb4 COLLATE=utf8mb4_unicode_ci;

--
-- Dumping data for table `Users`
--
INSERT INTO `Users` (`ID`, `Login`, `Password`, `Date_of_reg`, `Date_of_change`, `Ban`, `Role_ID`, `avatar_path`, `Name`, `Email`, `verification_code`, `code_expires`, `failed_login_attempts`, `lockout_until`, `Failed_Attempts`, `Last_login`) VALUES ('6', 'Admin1', '$2y$10$.kDf4ME8dCZyyn3WHVaxBubWcg5OFRv6L4yWon1Hvw1zlUL22lpqG', '2025-10-09 15:33:34', '2025-11-15 10:20:10', '0', '4', 'avatars/avatar_6_1760012341.gif', 'Белый Хозяин1', 'poliaagap@gmail.com', NULL, NULL, '0', NULL, '0', NULL);
INSERT INTO `Users` (`ID`, `Login`, `Password`, `Date_of_reg`, `Date_of_change`, `Ban`, `Role_ID`, `avatar_path`, `Name`, `Email`, `verification_code`, `code_expires`, `failed_login_attempts`, `lockout_until`, `Failed_Attempts`, `Last_login`) VALUES ('31', 'User2', '$2y$10$7ju7dUGr5PtwuaNBbSs6O.sXafoyrcLRHOKC.Eay4a8BuBVg0bDA6', '2025-11-17 12:58:38', NULL, '0', '2', 'standart_avatar/5.jpg', 'User2', 'artemsherbak9@gmail.com', NULL, NULL, '0', NULL, '0', NULL);
INSERT INTO `Users` (`ID`, `Login`, `Password`, `Date_of_reg`, `Date_of_change`, `Ban`, `Role_ID`, `avatar_path`, `Name`, `Email`, `verification_code`, `code_expires`, `failed_login_attempts`, `lockout_until`, `Failed_Attempts`, `Last_login`) VALUES ('32', 'meowzart', '$2y$12$99Jz1y/S/hsWYzVaCcCJO.mBCuDiQ/ZjJBQg.KiITBuIs.oPEzbNi', '2025-11-17 16:53:42', NULL, '0', '1', 'standart_avatar/1.jpg', 'meowzart', 'kresenkomaria45@gmail.com', NULL, NULL, '0', NULL, '0', NULL);

--
-- Table structure for table `Vehicle`
--
DROP TABLE IF EXISTS `Vehicle`;
CREATE TABLE `Vehicle` (
  `ID` int(5) NOT NULL AUTO_INCREMENT,
  `History` text NOT NULL,
  `Name` varchar(40) NOT NULL,
  `Weapon_ID` int(5) DEFAULT NULL,
  `Type_ID` int(5) NOT NULL,
  `War_ID` int(5) DEFAULT NULL,
  `Country_ID` int(5) NOT NULL,
  `Class_ID` int(5) NOT NULL,
  `Service_ID` int(5) NOT NULL,
  `Generation_ID` int(11) DEFAULT NULL,
  `Created_By` int(11) DEFAULT NULL,
  `Created_At` timestamp NOT NULL DEFAULT current_timestamp(),
  PRIMARY KEY (`ID`),
  KEY `Category_ID` (`Weapon_ID`,`Type_ID`,`War_ID`,`Country_ID`,`Service_ID`,`Class_ID`),
  KEY `War_ID` (`War_ID`),
  KEY `Country_ID` (`Country_ID`),
  KEY `Class_ID` (`Class_ID`),
  KEY `Service_ID` (`Service_ID`),
  KEY `Type_ID` (`Type_ID`),
  KEY `fk_vehicle_generation` (`Generation_ID`),
  CONSTRAINT `Vehicle_ibfk_1` FOREIGN KEY (`War_ID`) REFERENCES `War` (`ID`),
  CONSTRAINT `Vehicle_ibfk_3` FOREIGN KEY (`Country_ID`) REFERENCES `Country` (`ID`),
  CONSTRAINT `Vehicle_ibfk_4` FOREIGN KEY (`Weapon_ID`) REFERENCES `Weapon` (`ID`),
  CONSTRAINT `Vehicle_ibfk_5` FOREIGN KEY (`Class_ID`) REFERENCES `Class` (`ID`),
  CONSTRAINT `Vehicle_ibfk_6` FOREIGN KEY (`Service_ID`) REFERENCES `Service` (`ID`),
  CONSTRAINT `Vehicle_ibfk_7` FOREIGN KEY (`Type_ID`) REFERENCES `Type` (`ID`),
  CONSTRAINT `fk_vehicle_generation` FOREIGN KEY (`Generation_ID`) REFERENCES `Generation` (`ID`)
) ENGINE=InnoDB AUTO_INCREMENT=86 DEFAULT CHARSET=utf8mb4 COLLATE=utf8mb4_unicode_ci;

--
-- Dumping data for table `Vehicle`
--
INSERT INTO `Vehicle` (`ID`, `History`, `Name`, `Weapon_ID`, `Type_ID`, `War_ID`, `Country_ID`, `Class_ID`, `Service_ID`, `Generation_ID`, `Created_By`, `Created_At`) VALUES ('9', 'Рожденный в послевоенной гонке за технологическим превосходством, МиГ-15 стал для советской авиации настоящим прорывом и одним из самых знаковых самолетов в истории. Его появление было напрямую связано с трофейными немецкими разработками, в частности, двигателями BMW-003 и Jumo-004, которые позволили советским инженерам под руководством Артема Микояна и Михаила Гуревича в сжатые сроки создать собственный надежный реактивный двигатель РД-45, а затем и его усовершенствованную версию ВК-1. Однако не только силовая установка определила успех машины; решающую роль сыграла и тщательно продуманная аэродинамика, в основе которой лежали исследования немецких и советских ученых – крыло стреловидностью 35 градусов стало золотым стандартом для истребителей того поколения, обеспечивая высокие скоростные характеристики и устойчивость на околозвуковых скоростях. Обладая футуристическим для конца 1940-х годов видом, МиГ-15 представлял собой цельнометаллический среднеплан с каплевидным фонарем, значительно улучшавшим обзор летчику, и тремя пушками в носовой части, две из которых были калибра 23 мм, а одна – 37 мм, что делало его грозным противником для любой воздушной цели. Его боевое крещение состоялось в небе Кореи, где он столкнулся с американским F-86 «Сейбр», и это противостояние на десятилетие вперед определило лицо воздушных войн по всему миру, показав превосходство советской машины в скороподъемности и потолке, а также сокрушительную мощь его вооружения, способного с нескольких снарядов разрушить любой бомбардировщик. Несмотря на некоторые недостатки, такие как недостаточная устойчивость на больших углах атаки, приводившая к сваливанию в штопор, и менее совершенное по сравнению с «Сейбром» прицельное оборудование, МиГ-15 бис, усовершенствованная модификация с двигателем ВК-1, оставался грозным оружием, производился массово не только в СССР, но и в странах Варшавского договора, а также в Китае, став основным истребителем многих государств и положив начало целой династии реактивных МиГов. Этот самолет не просто выполнял боевые задачи, он стал символом мощи советских ВВС в начале Холодной войны, учебной партой для тысяч летчиков по всему миру и настоящей легендой, чей узнаваемый силуэт и по сей день является олицетворением эпохи реактивной авиации.', 'МиГ-15', '8', '1', '7', '1', '6', '8', '1', NULL, '2025-10-23 20:15:50');
INSERT INTO `Vehicle` (`ID`, `History`, `Name`, `Weapon_ID`, `Type_ID`, `War_ID`, `Country_ID`, `Class_ID`, `Service_ID`, `Generation_ID`, `Created_By`, `Created_At`) VALUES ('10', 'Не успев по-настоящему вступить в войну в Корее, новый истребитель МиГ-15 уже требовал глубокой модернизации, и советские конструкторы, анализируя первые отчеты о столкновениях с новейшим американским F-86 «Сейбр», четко осознали необходимость создания машины, превосходящей не только бомбардировщики, но и маневренные вражеские истребители. Результатом этих работ стал МиГ-17, который, унаследовав от своего предшественника общую компоновку, силовую установку и вооружение, был, по сути, совершенно новым самолетом, рожденным для завоевания превосходства в маневренном воздушном бою. Ключевым отличием стало новое крыло с увеличенной до 45 градусов стреловидностью в корневой части и удлиненным фюзеляжем, что кардинально улучшило управляемость на трансзвуковых скоростях и позволило отодвинуть опасный эффект сваливания на большие углы атаки. Хотя он оснащался тем же двигателем ВК-1, что и поздние МиГ-15 бис, его аэродинамическое совершенство было столь высоко, что он стал первым советским серийным истребителем, преодолевшим звуковой барьер, правда, не в горизонтальном полете, а на пикировании. Его вооружение, знаменитая trio пушек НР-23 и Н-37Д, осталось столь же сокрушительным, но было дополнено более современным прицелом, а на поздних модификациях появилась возможность нести управляемые ракеты «воздух-воздух» класса К-5, что ознаменовало переход к новому поколению вооружения. Принятый на вооружение в 1952 году, МиГ-17 опоздал к Корейской войне, но именно ему было суждено стать настоящим «рабочей лошадкой» и символом ВВС СССР и стран Варшавского договора 1950-х годов, а также получить боевое крещение в небе Ближнего Востока, Вьетнама и Тайваня, где его высокая маневренность и мощное пушечное вооружение стали неприятным сюрпризом для более современных, но заточенных под ракетную дуэль американских F-4 «Фантом» и F-105 «Тандерчиф». Простой в управлении, живучий и неприхотливый, он выпускался тысячами экземпляров, в том числе по лицензии в Польше и Китае, став одним из самых массовых реактивных истребителей в истории и заложив фундамент для создания своего знаменитого преемника – сверхзвукового МиГ-21. Таким образом, МиГ-17 не просто стал эволюционным развитием «пятнашки», а совершил качественный скачок, создав идеальный для своей эпохи баланс между скоростью, маневром и огневой мощью, надолго закрепив за советскими истребителями славу грозных противников в ближнем воздушном бою.', 'МиГ-17', '2', '1', '2', '1', '6', '9', '1', NULL, '2025-10-23 20:15:50');
INSERT INTO `Vehicle` (`ID`, `History`, `Name`, `Weapon_ID`, `Type_ID`, `War_ID`, `Country_ID`, `Class_ID`, `Service_ID`, `Generation_ID`, `Created_By`, `Created_At`) VALUES ('11', 'В то время как МиГ-17 уверенно осваивал трансзвуковые скорости, стало очевидно, что будущее за самолетами, способными на длительный сверхзвуковой полет, и ОКБ Микояна и Гуревича вступило в напряженную гонку за создание первого в СССР серийного сверхзвукового истребителя. Преодоление звукового барьера требовало не эволюционного, а революционного подхода, и результатом этих работ стал МиГ-19 – компактный, мощный и чрезвычайно сложный для своей эпохи самолет, который появился после череды экспериментальных моделей и упорной борьбы с новыми, доселе неизвестными явлениями аэродинамики. Его ключевой особенностью стала силовая установка, состоящая из двух двигателей РД-9Б с форсажными камерами, расположенных рядом в хвостовой части фюзеляжа; это решение не только давало необходимую тягу для преодоления скорости звука в горизонтальном полете, но и значительно повышало живучесть машины. Аэродинамика МиГ-19 была радикально пересмотрена: крыло с углом стреловидности 55 градусов стало тоньше, фюзеляж был выполнен в соответствии с правилом площадей для снижения волнового сопротивления, а управление на сверхзвуке обеспечивали цельноповоротный стабилизатор и мощные бустеры в системе управления. Вооружение самолета также шагнуло в новую эру – на смену исключительно пушечному вооружению пришла интеграция управляемых ракет «воздух-воздух» К-5, устанавливавшихся на пусковых балочных держателях под крылом, хотя три 30-мм пушки НР-30 оставались грозным аргументом в ближнем маневренном бою. Принятый на вооружение в 1955 году, МиГ-19 стал важнейшим этапом в развитии советских ВВС, заставив отечественную промышленность и войска освоить технологии сверхзвуковой эры, однако его эксплуатация сопровождалась многочисленными трудностями – двигатели были капризны и имели малый ресурс, система управления требовала от пилота значительных физических усилий, а аэродинамика на околозвуковых скоростях была коварна. Несмотря на это, он выпускался крупной серией, стал основным перехватчиком ПВО страны и поставлялся во множество дружественных государств, где успел поучаствовать в нескольких локальных конфликтах, а его дальнейшим развитием стал палубный истребитель МиГ-19К для советского авианесущего флота. Хотя его карьера в СССР была не столь долгой из-за быстрого прихода более совершенного МиГ-21, именно МиГ-19 проложил дорогу в сверхзвуковую эру, став последним советским массовым истребителем с пушечным вооружением в качестве основного и первым, кто был с самого рождения предназначен для завоевания превосходства в воздухе на сверхзвуковых скоростях, заложив фундамент для всех последующих разработок отечественной истребительной авиации.', 'МиГ-19', '9', '1', '8', '1', '6', '10', '1', NULL, '2025-10-23 20:15:50');
INSERT INTO `Vehicle` (`ID`, `History`, `Name`, `Weapon_ID`, `Type_ID`, `War_ID`, `Country_ID`, `Class_ID`, `Service_ID`, `Generation_ID`, `Created_By`, `Created_At`) VALUES ('12', 'В послевоенные годы, с появлением у потенциального противника стратегических бомбардировщиков, способных нести ядерное оружие, остро встал вопрос защиты огромных воздушных пространств Советского Союза, и именно для решения этой масштабной задачи в ОКБ Александра Яковлева был создан Як-25 – первый в СССР серийный двухдвигательный всепогодный реактивный перехватчик дальнего действия. Совершивший первый полет в 1952 году, этот самолет радикально отличался от легких фронтовых истребителей того времени; его аэродинамическая схема была основана на длинном и стройном фюзеляже с двумя двигателями АМ-5 конструкции Микулина, вынесенными в гондолы на крыле, что не только облегчало их обслуживание, но и освобождало носовую часть для размещения мощной радиолокационной станции «Сокол» – первого отечественного РЛС, способного самостоятельно обнаруживать и сопровождать воздушные цели в любых метеоусловиях. Экипаж из двух человек – летчика и штурмана-оператора, размещавшихся тандемом под общим фонарем, – эффективно разделял задачи пилотирования и работы со сложным радиолокационным и прицельным оборудованием, что было новаторским для советской истребительной авиации. Вооружение перехватчика, состоявшее из двух 37-мм пушек Н-37Л, размещалось в нижней части фюзеляжа и было предназначено для уничтожения крупных и хорошо защищенных целей после наведения по данным РЛС. Поступив на вооружение авиации ПВО в 1955 году, Як-25, получивший в НАТО кодовое обозначение «Flashlight», на протяжении почти десяти лет надежно нёс боевое дежурство, охраняя рубежи страны, и хотя ему не довелось применить свое оружие в реальном бою, его значение трудно переоценить – он стал родоначальником целого семейства специализированных самолетов, включая разведчик Як-27Р и первый советский сверхзвуковой перехватчик Як-28П. Не будучи рекордсменом по скорости или маневренности, Як-25 выполнил свою главную задачу: он заложил основы стратегии всепогодного перехвата в СССР, создал школу эксплуатации сложных радиолокационных комплексов и доказал жизнеспособность концепции двухместного специализированного перехватчика дальнего действия, на долгие годы определив облик этого класса боевых машин в советских ВВС.', 'Як-25', '10', '1', '9', '1', '6', '11', '1', NULL, '2025-10-23 20:15:50');
INSERT INTO `Vehicle` (`ID`, `History`, `Name`, `Weapon_ID`, `Type_ID`, `War_ID`, `Country_ID`, `Class_ID`, `Service_ID`, `Generation_ID`, `Created_By`, `Created_At`) VALUES ('20', 'История создания МиГ-21 началась в разгар холодной войны, когда опыт корейской войны показал, что будущее за реактивными самолетами, способными летать на сверхзвуковых скоростях. ОКБ Микояна и Гуревича, уже имевшее огромный успех с истребителями МиГ-15 и МиГ-17, в начале 1950-х годов приступило к разработке нового фронтового истребителя. Итогом этих работ стал первый советский серийный сверхзвуковой истребитель МиГ-19, но конструкторы почти сразу же начали проектировать его преемника, который должен был летать быстрее звука вдвое. После испытаний нескольких прототипов, таких как Е-2 с стреловидным крылом и Е-4 с треугольным, выбор был сделан в пользу более перспективного треугольного крыла. Опытный самолет Е-6, совершивший первый полет в 1958 году, стал окончательным прототипом и в 1959 году был принят на вооружение под обозначением МиГ-21. Это был истребитель второго поколения, созданный в эпоху, когда главным считалась скорость и высота полета, а основным оружием — управляемые ракеты и пушки. Что касается описания самолета, то МиГ-21 представлял собой классический для своего времени сверхзвуковой истребитель. Его аэродинамическая схема с тонким фюзеляжем и низкорасположенным треугольным крылом была подчинена одной цели — достижению максимальной скорости. Самолет был оснащен одним турбореактивным двигателем с форсажной камерой, который на поздних модификациях позволял развивать скорость до 2175 км/ч, что соответствует числу Маха 2.05. Вооружение МиГ-21 варьировалось в зависимости от модификации, но типично включало встроенную двуствольную пушку ГШ-23Л и подвесные управляемые ракеты \\\"воздух-воздух\\\" различной дальности, от ближнего боя Р-3С до более современных Р-60, а также неуправляемые ракеты и бомбы для действия по наземным целям. Пилот размещался в компактной кабине под фонарем, который на большинстве модификаций открывался вперед-вверх, а катапультирование осуществлялось с помощью системы спасения СК. Одной из ключевых особенностей МиГ-21 стала его феноменальная популярность и распространенность по всему миру. Этот самолет производился в СССР, а также по лицензии в Индии и Чехословакии, а его китайский клон Chengdu J-7 выпускался вплоть до 2013 года. Общий выпуск всех модификаций превысил 11 500 экземпляров, что сделало его самым массовым сверхзвуковым истребителем в истории авиации. Он стоял на вооружении ВВС более 60 стран мира от стран Варшавского договора до государств Азии, Африки и Ближнего Востока. Его боевое применение было чрезвычайно широким: он участвовал в войне во Вьетнаме, где успешно противостоял более сложным американским истребителям, в арабо-израильских конфликтах, в индо-пакистанских войнах и во множестве других локальных войн. Причины такой долгой службы и популярности кроются в его выдающихся для своего времени характеристиках, а именно в простоте конструкции, надежности, низкой стоимости производства и обслуживания, а также в легкости управления. Несмотря на малый запас топлива и скромные возможности бортового радиоэлектронного оборудования по сравнению с современными ему западными аналогами, такими как американский F-4 \\\"Фантом\\\", МиГ-21 оставался грозным оружием в умелых руках. Его модернизационный потенциал оказался огромным: многие страны, включая Румынию и Индию, проводили глубокие модернизации своих парков, устанавливая новейшую авионику, радары и системы вооружения, что позволило ему оставаться в строю до XXI века. Таким образом, МиГ-21 — это не просто самолет, а настоящая легенда и символ целой эпохи в истории военной авиации, олицетворявший собой советский подход к созданию эффективного, массового и простого в эксплуатации истребителя, который на десятилетия определил облик воздушных сил многих государств мира.', 'МиГ-21', '16', '1', '15', '1', '6', '17', '2', NULL, '2025-10-23 20:15:50');
INSERT INTO `Vehicle` (`ID`, `History`, `Name`, `Weapon_ID`, `Type_ID`, `War_ID`, `Country_ID`, `Class_ID`, `Service_ID`, `Generation_ID`, `Created_By`, `Created_At`) VALUES ('21', 'Самолет Су-9, ставший одним из символов советской противовоздушной обороны 1960-х годов, имеет свою историю, неразрывно связанную с бурным развитием реактивной авиации и ракетного оружия. Его появление было прямым ответом на растущую угрозу со стороны стратегических бомбардировщиков вероятного противника, способных нести ядерное оружие. В конце 1950-х годов ОКБ Павла Осиповича Сухого, воссозданное после временного роспуска, представило фронтовой истребитель С-1, который, хотя и не пошел в крупную серию, стал базой для двух знаковых машин: истребителя-бомбардировщика Су-7Б и перехватчика Су-9. Су-9 был разработан на основе опытного самолета Т-3, который отличался характерной для того времени компоновкой с треугольным крылом и фронтовым воздухозаборником с центральным телом, внутри которого располагалась мощная радиолокационная станция. Эта компоновка была продиктована необходимостью размещения крупногабаритной РЛС «Алмаз», обеспечивающей обнаружение и захват воздушных целей на большом расстоянии.\r\n\r\nСерийное производство Су-9 было развернуто в 1959 году на заводе в Новосибирске, а затем в 1962 году и в Комсомольске-на-Амуре. Всего было построено около 1100 таких самолетов, что сделало его одним из самых массовых перехватчиков своего времени. Внешне Су-9 представлял собой стройный, элегантный самолет с длинным цилиндрическим фюзеляжем, большим треугольным крылом и однокилевым хвостовым оперением. Его силовая установка состояла из одного мощного турбореактивного двигателя АЛ-7Ф-1, который обеспечивал высокие скоростные характеристики, но при этом был достаточно «прожорливым» и имел небольшой ресурс. Главным же вооружением Су-9 были не пушки, а управляемые ракеты класса «воздух-воздух». Изначально это были две ракеты РС-2-УС с радиокомандным наведением, но позднее основным вооружением стали четыре более совершенные ракеты Р-55 с тепловой головкой самонаведения. Отсутствие пушечного вооружения было общей тенденцией для перехватчиков того времени, считалось, что ракеты полностью решат задачу уничтожения воздушных целей, однако этот недостаток остро проявился в реальных боевых столкновениях.\r\n\r\nТактика применения Су-9 была типичной для перехватчиков ПВО того периода. Самолет был интегрирован в систему наведения «Воздух-1». Это означал, что он взлетал по команде с земли, получал целеуказание от наземных РЛС, следовал по заданному курсу, а летчик лишь контролировал работу систем и производил пуск ракет, когда бортовая РЛС захватывала цель. Такой подход позволял эффективно перехватывать высотные неманевренные цели, но сильно ограничивал автономность самолета и его способность вести маневренный воздушный бой. Несмотря на это, Су-9 установил несколько мировых рекордов скороподъемности и высоты полета, продемонстрировав свой значительный потенциал. Его боевая служба была напряженной. В 1960-х годах Су-9 неоднократно поднимались на перехват самолетов-разведчиков U-2, и хотя сбить их не удалось, они выполняли задачи по их преследованию. Более трагическим эпизодом стало участие Су-9 в инциденте со сбитым над территорией СССР южнокорейским Boeing 747 в 1983 году. Один из поднятых на перехват Су-9 пытался указать лайнеру на необходимость следования за собой, но из-за отсутствия пушечного вооружения не мог сделать предупредительных выстрелов.\r\n\r\nСу-9, получивший в кодификации НАТО прозвище «Fishpot» (Рыбная ловушка), стал важнейшим этапом в развитии советской истребительной авиации. Он был первым крупносерийным самолетом ОКБ Сухого с треугольным крылом и первым советским серийным истребителем-перехватчиком, изначально спроектированным под ракетное вооружение. Хотя он обладал существенными недостатками, такими как высокий расход топлива, ограниченный радиус действия и отсутствие пушечного вооружения, он в течение почти двух десятилетий нес боевое дежурство в системе ПВО СССР, являясь надежным щитом на самых опасных воздушных направлениях. Опыт, полученный при его создании и эксплуатации, оказался бесценным и лег в основу более совершенных и универсальных машин, таких как знаменитый Су-15, который и пришел на смену ветерану Су-9.', 'Су-9', '17', '1', '16', '1', '6', '18', '2', NULL, '2025-10-23 20:15:50');
INSERT INTO `Vehicle` (`ID`, `History`, `Name`, `Weapon_ID`, `Type_ID`, `War_ID`, `Country_ID`, `Class_ID`, `Service_ID`, `Generation_ID`, `Created_By`, `Created_At`) VALUES ('23', 'Разработка истребителя-перехватчика Су-15, ставшего одним из самых узнаваемых и массовых символов ПВО СССР в годы Холодной войны, началась в ОКБ Павла Осиповича Сухого в конце 1950-х годов как глубокой модернизации своего предшественника, Су-11. Новый самолет, изначально имевший заводской индекс Т-58, должен был кардинально решить главную проблему ранних советских сверхзвуковых перехватчиков – недостаточный обзор из кабины и низкую эффективность радиолокационного прицельного комплекса из-за малого размера антенны. Гениальным и ставшим визитной карточкой самолета решением стала кардинальная переработка носовой части фюзеляжа. Инженеры отказались от центрального входного устройства, характерного для МиГ-21 и Су-11, в пользу новой компоновки с двумя боковыми нерегулируемыми воздухозаборниками, что освободило носовой конус для размещения мощной радиолокационной станции «Орёл» с большой антенной диаметром почти 1 метр. Эта модификация не только значительно повысила возможности по обнаружению и захвату воздушных целей, но и придала Су-15 его характерный, стремительный и агрессивный внешний вид.\r\n\r\nПервый полет опытного образца состоялся 30 мая 1962 года, а в 1965 году после ряда доработок самолет был официально принят на вооружение истребительной авиации ПВО СССР. Конструктивно Су-15 представлял собой однодвигательный среднеплан нормальной аэродинамической схемы с треугольным крылом малого удлинения. Крыло имело угол стреловидности 60 градусов по передней кромке, что обеспечивало отличные характеристики на сверхзвуковых скоростях, но ухудшало маневренность и взлетно-посадочные качества на дозвуке. Силовая установка на первых серийных модификациях (Су-15) состояла из двух двигателей Р-11Ф2С-300, а на самой массовой и совершенной модификации Су-15ТМ был установлен более мощный и экономичный двухконтурный двигатель Р-13-300. Вооружение перехватчика было полностью ракетным и ориентированным на уничтожение целей на средних и больших дистанциях. Основу его составляли две управляемые ракеты «воздух-воздух»: либо ракеты средней дальности Р-98 с радиолокационной или тепловой головкой самонаведения, либо на поздних версиях – более современные Р-60 малой дальности для ближнего маневренного боя. Как и большинство советских перехватчиков того времени, Су-15 не имел встроенной пушки, что было его серьезным тактическим недостатком, так как после пуска ракет самолет становился практически беззащитным; лишь на последней модификации Су-15ТМ в подфюзеляжном контейнере могла подвешиваться двуствольная пушка ГШ-23Л.\r\n\r\nБоевая служба Су-15 была долгой и напряженной, он стал настоящим «рабочей лошадкой» ПВО, неся круглосуточное дежурство на огромных просторах Советского Союза от западных границ до Дальнего Востока. Его главной задачей был перехват стратегических разведчиков и бомбардировщиков НАТО, таких как RB-47, B-52, B-58, а также самолетов-нарушителей границы. Именно с Су-15 связаны самые громкие инциденты времен Холодной войны. Наиболее трагическим из них стал сбитый 1 сентября 1983 года южнокорейский пассажирский «Боинг-747» рейса KAL-007, который вторгся в воздушное пространство СССР над Сахалином. Перехватчик Су-15ТМ, пилотируемый капитаном Геннадием Осиповичем, выпустил по нарушителю две ракеты, что привело к гибели 269 человек. Другим известным случаем стала таранная атака, которую 18 июля 1981 года совершил капитан Валентин Куляпин на своем Су-15ТМ. Перехватывая аргентинский транспортный самолет CL-44, нарушивший границу над Армянской ССР, и израсходовав ракеты безрезультатно, летчик таранил нарушителя крылом своего самолета, после чего благополучно катапультировался.\r\n\r\nНесмотря на высокие летные характеристики и мощное вооружение, Су-15 имел репутацию строгого и довольно опасного в пилотировании самолета, особенно на взлете и посадке. Его треугольное крыло с высокими скоростями сваливания и недостаточной подъемной силой на малых скоростях требовало от пилотов высочайшей квалификации и не прощало ошибок, что приводило к значительному количеству небоевых потерь. С началом 1990-х годов и распадом СССР надежный, но морально устаревший Су-15 начал массово сниматься с вооружения, уступая место более современным многофункциональным истребителям поколения 4+, таким как МиГ-29 и Су-27. Его производство было полностью прекращено в 1979 году, а к середине 1990-х он практически полностью исчез из боевого состава ВВС России и стран СНГ. Тем не менее, Су-15 навсегда вошел в историю авиации как один из главных стражей советского воздушного пространства в самый напряженный период противостояния двух сверхдержав, грозный и эффективный перехватчик, ставший легендой отечественной авиации.', 'Су-15', '17', '1', '17', '1', '6', '19', '2', NULL, '2025-10-23 20:15:50');
INSERT INTO `Vehicle` (`ID`, `History`, `Name`, `Weapon_ID`, `Type_ID`, `War_ID`, `Country_ID`, `Class_ID`, `Service_ID`, `Generation_ID`, `Created_By`, `Created_At`) VALUES ('24', 'Самолет МиГ-25, известный по кодификации НАТО как «Foxbat», является одним из самых выдающихся и легендарных боевых самолетов в истории авиации, рождение которого было прямым ответом на вызовы «холодной войны». Его разработка в ОКБ-155 имени А.И. Микояна началась в конце 1950-х годов, когда советская разведка получила тревожные данные о создании в США нового стратегического бомбардировщика XB-70 «Валькирия», способного летать со скоростью, в три раза превышающей скорость звука. Потенциальная угроза была колоссальной, и СССР требовался специализированный перехватчик, способный не просто догнать, но и уничтожить такую цель. Хотя программа «Валькирии» в итоге была свернута, на горизонте появилась новая, не менее серьезная угроза – высотные сверхзвуковые разведчики Lockheed SR-71 «Blackbird», которые были практически неуязвимы для существующих средств ПВО. Работы над будущим МиГ-25 интенсифицировались, и в 1964 году самолет впервые поднялся в небо, а на вооружение он был официально принят в 1970 году.\r\n\r\nВнешний облик и конструкция МиГ-25 были продиктованы одной главной целью – достижение рекордных скоростей и высот. Это крупный самолет с характерным грозным видом, мощный и внушительный. Его планер был практически целиком изготовлен из нержавеющей стали, что было революционным решением. Это позволяло выдерживать кинетический нагрев до 300 градусов по Цельсию, возникающий при длительном полете на скоростях, в 2.5-3 раза превышающих скорость звука (М=2.83 был эксплуатационным ограничением, хотя самолет мог развивать и большую скорость). Два мощнейших турбореактивных двигателя Р-15Б-300 с огромной для своего класса тягой обеспечивали ему феноменальные летные характеристики. Крыло самолета имело относительно небольшую площадь и стреловидность, что минимизировало лобовое сопротивление на сверхзвуке. Основной его задачей был перехват, для чего он был оснащен мощной РЛС «Смерч-А» (самой мощной на тот момент в мире среди истребителей) и ракетами «воздух-воздух» Р-40, способными поражать цели за пределами видимости. Существовала и разведывательная модификация, МиГ-25Р, которая вместо вооружения несла комплект аэрофотоаппаратов и оборудования для радиоэлектронной разведки.\r\n\r\nПодлинным шоком для западных спецслужб самолет стал в 1976 году, когда советский летчик Виктор Беленко совершил на нем побег в Японию. Это позволило американским и японским специалистам впервые детально изучить грозную машину, разобрав ее буквально по винтикам. Анализ показал как сильные, так и слабые стороны самолета. С одной стороны, Запад был поражен простотой и надежностью его конструкции, широким использованием стали и raw power двигателей. С другой стороны, выяснилось, что бортовое радиоэлектронное оборудование все еще базируется на лампах, а не на транзисторах, что делало его тяжелым и менее совершенным. Тем не менее, этот инцидент заставил советское руководство в срочном порядке модернизировать парк МиГ-25 и системы опознавания, а также ускорил работы над его преемником – МиГ-31. Несмотря на это, МиГ-25 доказал свою высочайшую эффективность в реальных боевых условиях, в частности на Ближнем Востоке, где сирийские летчики успешно перехватывали израильские самолеты-разведчики, а иракские МиГ-25 были одними из немногих самолетов, представлявших реальную угрозу для авиации коалиции во время войны в Персидском заливе, и даже смогли сбить американский F/A-18 Hornet. Боевая служба МиГ-25 была долгой, а его наследие живет в более совершенном МиГ-31, который, по сути, является глубокой модернизацией концепции «Фоксбэта». Таким образом, МиГ-25 навсегда вошел в историю как уникальный самолет-легенда, созданный для решения конкретной сверхсложной задачи и преуспевший в этом, символ инженерной мысли и мощи советской авиапромышленности эпохи «холодной войны».', 'МиГ-25', '18', '1', '15', '1', '6', '20', '2', NULL, '2025-10-23 20:15:50');
INSERT INTO `Vehicle` (`ID`, `History`, `Name`, `Weapon_ID`, `Type_ID`, `War_ID`, `Country_ID`, `Class_ID`, `Service_ID`, `Generation_ID`, `Created_By`, `Created_At`) VALUES ('26', 'Самолет МиГ-23, известный по кодификации НАТО как «Flogger», стал знаковым явлением в истории советской авиации, представляя собой качественный скачок от истребителей предыдущего поколения. Его разработка в ОКБ имени Микояна началась в первой половине 1960-х годов, когда стало ясно, что концепция скоростных истребителей с коротким взлетом и посадкой, подобных МиГ-21, имеет серьезные недостатки, главный из которых – высокие требования к длине взлетно-посадочной полосы и неидеальные характеристики на малых скоростях. Новый самолет должен был сочетать высокие скоростные качества с возможностью базирования на укороченных ВПП и иметь значительно более мощное радиоэлектронное оборудование и вооружение. Результатом этих изысканий стал первый в СССР серийный боевой самолет с крылом изменяемой стреловидности, который совершил свой первый полет в 1967 году и был принят на вооружение в 1970 году.\r\n\r\nВнешний облик МиГ-23 уникален и легко узнаваем благодаря своей ключевой конструктивной особенности – поворотному крылу. Пилот мог в полете изменять его стреловидность от 16 градусов для взлета и посадки, что обеспечивало низкую посадочную скорость и хорошую управляемость, до 72 градусов для полета на сверхзвуковой скорости, что резко снижало лобовое сопротивление и позволяло развивать скорость до 2.35 Маха. Это делало МиГ-23 гораздо более гибким по сравнению с МиГ-21. Самолет был оснащен мощным двигателем Р-27 с подъемно-маршевой камерой сгорания, что также было новшеством для советских истребителей. Носовая часть фюзеляжа была занята радиолокационным прицельным комплексом, который варьировался в зависимости от модификации – от относительно простого РП-22 «Сапфир» на ранних моделях до более совершенного «Копьё» на МиГ-23МЛ. Вооружение самолета было разнообразным и включало встроенную двуствольную пушку ГШ-23Л калибра 23 мм, а также до шести точек подвески для управляемых ракет «воздух-воздух» различных типов (Р-23, Р-60, Р-13) и разнообразного неуправляемого вооружения класса «воздух-земля» (бомбы, блоки НАР). МиГ-23 стал первым советским истребителем, способным с одинаковой эффективностью вести как маневренный ближний бой, так и атаковать цели за пределами видимости, а также работать по наземным целям.\r\n\r\nБоевая карьера МиГ-23 была очень обширной и противоречивой. Он широко поставлялся на экспорт во страны Варшавского Договора, на Ближний Восток, в Африку и Азию. Он активно применялся в ряде конфликтов, таких как арабо-израильские войны, война в Афганистане (где работал mainly как штурмовик), ирано-иракская война и множество других. Оценки его эффективности сильно разнятся: с одной стороны, он уступал по маневренности современным ему американским F-15 и F-16, а его сложная механизация крыла требовала высокой квалификации пилотов и техников. С другой стороны, в умелых руках и при грамотном применении он был грозным противником, обладая мощным вооружением, большой скоростью и значительной боевой нагрузкой. МиГ-23 стал одним из самых массовых истребителей третьего поколения в мире, пройдя через множество модернизаций и оставив огромный след в истории военной авиации. Он стал важным этапом, переходным звеном от относительно простых МиГ-21 к высокоманевренным и сложным истребителям четвертого поколения, таким как МиГ-29 и Су-27, заложив основы для многопрофильного использования одного самолета.', 'МиГ-23', '19', '1', '15', '1', '6', '21', '3', NULL, '2025-10-23 20:15:50');
INSERT INTO `Vehicle` (`ID`, `History`, `Name`, `Weapon_ID`, `Type_ID`, `War_ID`, `Country_ID`, `Class_ID`, `Service_ID`, `Generation_ID`, `Created_By`, `Created_At`) VALUES ('29', 'Разработка истребителя МиГ-29 началась в конце 1960-х годов в ОКБ им. А.И. Микояна как ответ на появление в США новых маневренных истребителей F-15 Eagle и F-16 Fighting Falcon. Советским ВВС требовался легкий фронтовой истребитель нового поколения, который мог бы завоевывать превосходство в воздухе и эффективно действовать в условиях насыщенной ПВО противника на линии фронта. После долгих исследований и испытаний первый опытный образец, получивший обозначение «Изделие 9.12», поднялся в воздух 6 октября 1977 года, а в 1982 году самолет начал поступать в строевые части советских ВВС. МиГ-29, получивший у НАТО кодовое обозначение Fulcrum («Точка опоры»), быстро стал одним из символов мощи советской авиации времен Холодной войны.\r\n\r\nКонструктивно МиГ-29 представляет собой интегральный среднеплан с двумя двигателями, что обеспечивает ему высокую надежность и живучесть. Его крыло имеет развитые наплывы, которые плавно переходят в фюзеляж, что значительно улучшает маневренные характеристики на больших углах атаки. Силовая установка состоит из двух двухконтурных турбореактивных двигателей РД-33, которые обеспечивают самолету высокую тяговооруженность и возможность выполнять уникальные фигуры высшего пилотажа, такие как «кобра». Одной из ключевых особенностей МиГ-29 стала его мощная прицельно-навигационная система. Ее основой является импульсно-допплерровская радиолокационная станция РЛПК-29 «Рубин» в сочетании с оптиколокационной станцией ОЭПС-29, использующей теплопеленгатор, что позволяет обнаруживать и сопровождать цели без использования радара, а также нашлемной системой целеуказания «Щель-3УМ», которая дает возможность пилоту наводить ракеты на цель простым поворотом головы. Вооружение самолета весьма разнообразно и включает встроенную 30-мм пушку ГШ-30-1, управляемые ракеты класса «воздух-воздух» средней и малой дальности (такие как Р-27 и Р-73), а также, на более поздних модификациях, ракеты «воздух-поверхность» и неуправляемое вооружение.\r\n\r\nЗа время своей службы МиГ-29 прошел через множество модернизаций, породив целое семейство модификаций. Ранние серийные МиГ-29 (изделие 9.12) имели ограниченные возможности по работе по наземным целям. Значительным шагом вперед стал МиГ-29С, получивший возможность применять ракеты Р-77 с активной радиолокационной головкой самонаведения. Палубная версия МиГ-29К была оснащена складывающимся крылом, посадочным гаком и усиленным шасси для эксплуатации на авианесущих крейсерах. Одной из самых массовых и совершенных модификаций стал МиГ-29СМТ, который получил увеличенный запас топлива, существенно обновленную авионику с цветными многофункциональными дисплеями и расширенную номенклатуру вооружения, включая высокоточные боеприпасы. Для экспорта предлагались различные варианты, такие как МиГ-29УБ (учебно-боевой) и МиГ-29СЭ. Новейшим развитием линии является МиГ-35, представляющий собой глубокую модернизацию с двигателями с управляемым вектором тяги, радиолокационной станцией с активной фазированной решеткой и повышенной степенью интеграции с современными видами вооружения. МиГ-29 состоял и продолжает находиться на вооружении десятков стран мира, он участвовал в numerous конфликтах, включая войны в Афганистане, Персидском заливе, Эфиопии и Эритрее, а также локальные столкновения, демонстрируя свои сильные стороны в ближнем маневренном бою благодаря отличной аэродинамике и ракетам Р-73 с нашлемным целеуказанием. Таким образом, МиГ-29 прошел долгий путь от передового фронтового истребителя времен Холодной войны до многозадачного боевого самолета, остающегося грозной силой в небе и в XXI веке.', 'МиГ-29', '21', '1', '15', '1', '6', '24', '4', NULL, '2025-10-23 20:15:50');
INSERT INTO `Vehicle` (`ID`, `History`, `Name`, `Weapon_ID`, `Type_ID`, `War_ID`, `Country_ID`, `Class_ID`, `Service_ID`, `Generation_ID`, `Created_By`, `Created_At`) VALUES ('30', 'Разработка истребителя Су-27 началась в конце 1960-х годов в ОКБ Сухого под руководством Павла Осиповича Сухого как ответ на американскую программу создания истребителя завоевания превосходства в воздухе F-15 Eagle. Перед советскими конструкторами была поставлена сложнейшая задача: создать самолет, превосходящий по своим характеристикам американский аналог, с большой дальностью полета, мощным вооружением и выдающейся маневренностью. После смерти Сухого работу возглавил Михаил Петрович Симонов, под руководством которого проект обрел свой окончательный облик. Первый полет опытного образца Т-10 состоялся в мае 1977 года, однако в ходе испытаний выявились серьезные недостатки конструкции. Вместо долгой доработки, коллектив ОКБ принял смелое решение о коренной переделке самолета, практически создав новую машину, известную как Т-10С, которая и поднялась в воздух в апреле 1981 года. После долгих государственных испытаний Су-27 был официально принят на вооружение ВВС СССР в 1985 году, а в НАТО он получил кодовое обозначение Flanker («Фланкер» — «Заходящий с фланга»).\r\n\r\nС точки зрения конструкции Су-27 является интегральным трипланом – его фюзеляж и крыло образуют единый несущий корпус, что обеспечивает высокое аэродинамическое качество и большой внутренний объем для размещения топлива и оборудования. Самолет оснащен двумя мощными двухконтурными турбореактивными двигателями АЛ-31Ф, размещенными в изолированных гондолах, что повышает его боевую живучесть. Крыло с плавным сопряжением с фюзеляжем (наплывом) обеспечивает устойчивый полет на больших углах атаки, что является залогом феноменальной маневренности. Одной из ключевых особенностей Су-27 стала его прицельно-навигационная система. Ее основу составляет импульсно-допплеровская радиолокационная станция РЛПК-27 «Копье» с дальностью обнаружения целей до 100 км, способная сопровождать до 10 целей одновременно. Дополняет ее оптико-электронная локационная станция ОЭПС-27 с теплопеленгатором и лазерным дальномером, позволяющая обнаруживать и сопровождать цели с выключенным радаром. Для ближнего маневренного боя используется нашлемная система целеуказания «Щель-3УМ», которая в паре с ракетами Р-73 с инфракрасной головкой самонаведения дает летчику возможность атаковать противника просто повернув голову в его сторону. Основное вооружение «воздух-воздух» включает ракеты средней дальности Р-27 и уникальные для своего времени сверхманевренные ракеты ближнего боя Р-73, а также встроенную 30-мм пушку ГШ-30-1.\r\n\r\nСу-27 породил огромное семейство модификаций, став основой для целого ряда боевых самолетов. Учебно-боевой вариант Су-27УБ имеет двухместную кабину, расположенную тандемом. Глубокой модернизацией базовой модели стал Су-27СМ с обновленной авионикой и расширенной номенклатурой вооружения «воздух-поверхность». На его основе был создан палубный истребитель Су-33 с крылом увеличенной площади, складывающимися консолями и посадочным гаком для базирования на авианесущем крейсере «Адмирал Кузнецов». Самыми известными развитием линии стали двухместные многоцелевые истребители Су-30 (в различных модификациях, таких как Су-30МКИ для Индии с передним горизонтальным оперением и двигателями с управляемым вектором тяги) и фронтовой бомбардировщик Су-34 с характерной кабиной типа «утка». Венец эволюции – истребитель поколения 4++ Су-35С, радикально модернизированный по авионике, двигателям и конструкции планера, но сохранивший философию «Фланкера». Боевое применение Су-27, в отличие от его американского визави F-15, долгое время было ограниченным, однако он демонстрировал свои возможности в воздушных боях во время Эфиопо-эритрейского конфликта, где эфиопские Су-27 сражались с эритрейскими МиГ-29, а также в различных инцидентах, таких как знаменитый случай с «баррельным зарядом» американского разведчика RC-135 над Баренцевым морем. Таким образом, Су-27 не только стал этапным самолетом для советской и российской авиации, установившим множество мировых рекордов, но и доказал свой огромный потенциал, став основой для одного из самых успешных и многочисленных семейств истребителей в мире.', 'Су-27', '22', '1', '20', '1', '6', '25', '4', NULL, '2025-10-23 20:15:50');
INSERT INTO `Vehicle` (`ID`, `History`, `Name`, `Weapon_ID`, `Type_ID`, `War_ID`, `Country_ID`, `Class_ID`, `Service_ID`, `Generation_ID`, `Created_By`, `Created_At`) VALUES ('31', 'Разработка истребителя-перехватчика МиГ-31 началась в конце 1960-х годов в ОКБ им. А.И. Микояна как глубокая модернизация сверхзвукового перехватчика МиГ-25. Несмотря на внешнее сходство, это был совершенно новый самолет, созданный для решения ключевой задачи ПВО Советского Союза – перехвата и уничтожения малоразмерных высокоскоростных целей на большой дальности, особенно крылатых ракет и стратегических бомбардировщиков, летящих на предельно малых высотах. Требовалось создать комплекс, способный самостоятельно контролировать огромные воздушные пространства и наводить на цели другие самолеты. Первый полет опытного образца Е-155МП (изделие 83) состоялся 16 сентября 1975 года, а в 1981 году, после длительных и сложных испытаний, МиГ-31 был официально принят на вооружение истребительной авиации ПВО СССР, став первым советским самолетом четвертого поколения.\r\n\r\nС точки зрения конструкции МиГ-31 сохранил аэродинамическую схему своего предшественника – двухдвигательный высокоплан с двумя килями, но был изготовлен из стали и титановых сплавов с широким использованием новых материалов, что позволило увеличить ресурс планера. Главным отличием стала двухместная кабина с размещением летчика и штурмана-оператора друг за другом, что было необходимо для управления сложнейшим бортовым оборудованием. Силовая установка состоит из двух двухконтурных турбореактивных двигателей Д-30Ф6, которые обеспечивали самолету крейсерскую сверхзвуковую скорость без использования форсажа, что было уникально для того времени. Однако настоящим революционным прорывом стала бортовая радиолокационная станция РП-31 «Заслон» с пассивной фазированной антенной решеткой, которая была первой в мире серийной РЛС такого типа на боевом самолете. Она позволяла обнаруживать воздушные цели на дистанции до 200 километров и одновременно сопровождать до 10 целей, а также наводить на 4 из них ракеты дальнего радиуса действия. Это превращало звено из четырех МиГ-31 в мобильный ракетный щит, способный контролировать фронт протяженностью более 800 километров. Для взаимодействия в группе была реализована система автоматического обмена данными АПД-518. Основу вооружения перехватчика составили уникальные для своего времени ракеты «воздух-воздух» большой дальности Р-33, которые размещались попарно под фюзеляжем на катапультных установках АКУ-410, а также ракеты средней и ближней дальности Р-40Т, Р-60 и встроенная 23-мм пушка ГШ-6-23.\r\n\r\nЗа время своей службы МиГ-31 прошел через несколько этапов модернизации, что позволило значительно продлить его жизненный цикл. Модификация МиГ-31Б получила усовершенствованный комплекс вооружения и систему дозаправки в воздухе, что еще больше увеличило его боевой радиус. В 1990-х годах был создан МиГ-31БС, представляющий собой доработку ранних машин до уровня МиГ-31Б. Наиболее значительной стала глубокая модернизация до уровня МиГ-31БМ, в ходе которой самолет получил новейшую РЛС «Заслон-М» с увеличенной дальностью обнаружения и сопровождения целей, современную авионику с цветными многофункциональными индикаторами, а также расширенную номенклатуру вооружения, включая высокоточные ракеты «воздух-поверхность» Х-31, Х-58 и Х-59, превратившие перехватчик в многоцелевой истребитель. На базе МиГ-31 был создан уникальный авиационно-ракетный комплекс МиГ-31К, предназначенный для применения гиперзвуковой аэродинамической ракеты «Кинжал». Несмотря на почтенный возраст, МиГ-31 до сих пор остается уникальным и незаменимым компонентом Воздушно-космических сил России, не имеющим прямых аналогов в мире по сочетанию скорости, высоты полета и мощи бортового радиоэлектронного оборудования, продолжая нести боевое дежурство по защите воздушных рубежей страны.', 'МиГ-31', '23', '1', '21', '1', '6', '26', '4', NULL, '2025-10-23 20:15:50');
INSERT INTO `Vehicle` (`ID`, `History`, `Name`, `Weapon_ID`, `Type_ID`, `War_ID`, `Country_ID`, `Class_ID`, `Service_ID`, `Generation_ID`, `Created_By`, `Created_At`) VALUES ('33', 'История создания Су-57, известного на этапе разработки как Т-50, начинается с осознания Россией в начале 2000-х годов необходимости создания собственного истребителя пятого поколения. Это было продиктовано появлением в США самолётов F-22 Raptor и разработкой F-35, в то время как советские проекты, такие как МиГ 1.44, были свёрнуты после распада СССР. В 2002 году был объявлен конкурс в рамках программы ПАК ФА, что расшифровывается как Перспективный авиационный комплекс фронтовой авиации. Победителем стало ОКБ «Сухого» со своим проектом, получившим заводской индекс Т-50. Первый полёт прототипа Т-50-1 состоялся 29 января 2010 года в Комсомольске-на-Амуре, что стало знаковым событием, сделавшим Россию третьей страной в мире, поднявшей в воздух самолёт такого класса. За этим последовали годы интенсивных испытаний, в ходе которых было построено несколько прототипов. Процесс выявил необходимость доработок, особенно в области двигателей и технологий снижения радиолокационной заметности. Официально на вооружение ВКС России самолёт был принят в 2020 году, получив при этом новое обозначение — Су-57. Первый серийный экземпляр поступил в войска в декабре 2020 года, а боевое применение самолёта, согласно заявлениям официальных лиц, состоялось в 2022 году в ходе специальной военной операции на Украине.\r\n\r\nЧто касается описания и ключевых особенностей, то Су-57 является многофункциональным истребителем, сочетающим в себе функции истребителя завоевания превосходства в воздухе, ударного самолёта и разведчика. Его главной чертой, соответствующей канонам пятого поколения, является малая радиолокационная заметность. Это достигается за счёт целого комплекса мер: аэродинамическая схема планера представляет собой интегральный фюзеляж, где крыло и корпус плавно переходят друг в друга, а все поверхности тщательно скоординированы для отражения радиоволн в узких секторах. Вооружение размещается primarily в внутренних отсеках, чтобы не увеличивать эффективную площадь рассеяния, а для снижения заметности в передней полусфере воздухозаборники двигателей выполнены изогнутыми, что скрывает лопатки компрессора от прямого обзора радаров. Кроме того, широко применяются радиопоглощающие покрытия и материалы.\r\n\r\nДругой критически важной особенностью является сверхманёвренность, унаследованная от лучших традиций отечественной школы авиастроения. Самолёт оснащён двигателями первого этапа АЛ-41Ф1, которые представляют собой глубокую модернизацию двигателей семейства Су-27, но с управляемым вектором тяги. Это позволяет Су-57 выполнять уникальные манёвры на больших углах атаки, что практически недоступно самолётам без этой системы. В перспективе самолёт получает全新的двигатели второго этапа, «Изделие 30», которые должны обеспечить большую тягу, улучшенную топливную эффективность и меньшую заметность в инфракрасном диапазоне.\r\n\r\nАвионика самолёта построена по принципу «электронного пилота». Это означает, что информация от всех датчиков — радиолокационных, оптико-электронных и радиоразведывательных — объединяется в единую картину тактической обстановки на экранах лётчика. Важнейшим элементом является мощная радиолокационная система с активной фазированной решёткой, которая состоит из основного носового радара и множества бортовых радаров, расположенных по всему фюзеляжу, что обеспечивает круговой обзор и делает самолёт менее зависимым от поворотов для захвата цели. Также самолёт обладает развитым сетецентрическим capabilities, то есть способен в реальном времени обмениваться данными с другими самолётами, наземными комплексами и системами ПВО, выступая в роли воздушного командного пункта для менее совершенных машин. Таким образом, Су-57 представляет собой не просто истребитель, а ключевой элемент высокотехнологичной сети будущего поля боя.', 'Су-57 (Т-50)', '24', '1', NULL, '2', '6', '27', '5', NULL, '2025-10-23 20:15:50');
INSERT INTO `Vehicle` (`ID`, `History`, `Name`, `Weapon_ID`, `Type_ID`, `War_ID`, `Country_ID`, `Class_ID`, `Service_ID`, `Generation_ID`, `Created_By`, `Created_At`) VALUES ('34', 'Разработанный в ОКБ М.Л. Миля в конце 1960-х годов вертолет Ми-24, известный на Западе под кодовым названием «Хинд», стал не просто новым образцом авиационной техники, а настоящей легендой и символом советской военной мощи в период Холодной войны. Его создание было ответом на растущую потребность в хорошо вооруженном и защищенном боевом вертолете, способном не только наносить удары по наземным целям, но и осуществлять десантирование подразделений. Главным конструктором этой машины был М.Н. Тищенко. При его создании за основу была взята силовая установка и несущая система от транспортного Ми-8, однако Ми-24 с самого начала проектировался как узкоспециализированная боевая платформа. Его уникальность заключалась в концепции «летающей БМП» – он должен был не только поддерживать огнем сухопутные войска, но и быстро доставлять в зону боя группу десантников, обеспечивая им огневую поддержку непосредственно на поле боя. Первый полет опытного образца состоялся 19 сентября 1969 года, а в 1971 году началось его серийное производство, которое продолжалось до середины 1980-х годов, сделав Ми-24 одним из самых массовых боевых вертолетов в истории.\r\n\r\nС точки зрения конструкции Ми-24 является классическим двухдвигательным винтокрылым аппаратом с пятилопастным несущим и трехлопастным рулевым винтом. Одной из его самых узнаваемых черт является тандемная кабина экипажа, где летчик-оператор располагается в передней кабине, а командир экипажа и пилот – в задней, которая приподнята для обеспечения лучшего обзора. Такой layout был выбран для более эффективного разделения обязанностей при поиске целей и пилотировании. Фюзеляж вертолета цельнометаллический, его важнейшей особенностью является бронирование кабин экипажа, жизненно важных узлов и двигателей, что позволяло ему выдерживать попадания пуль калибра до 12.7 мм. На ранних модификациях десантная кабина могла вмещать до 8 полностью экипированных солдат, однако на более поздних версиях от полноценной десантной функции отказались в пользу увеличения боевой нагрузки или объема топливных баков. Шасси вертолета – трехопорное, неубирающееся. Силовая установка состояла из двух газотурбинных двигателей ТВ3-117, которые обеспечивали высокую энерговооруженность и хорошие летные характеристики даже в условиях высоких температур и горной местности.\r\n\r\nВооружение Ми-24 является его главной силой и отличалось огромной гибкостью и мощью. На вертолете устанавливался подвижный пулемет калибра 12.7 мм или пушка ГШ-30 калибра 30 мм на подфюзеляжной установке. Основная же ударная мощь заключалась в шести точках подвески на пилонах короткого крыла, которое, кстати, также создавало дополнительную подъемную силу в полете. На эти пилоны можно было подвесить широкий спектр вооружения: от блоков неуправляемых авиационных ракет калибром от 57 до 240 мм до управляемых противотанковых ракет «Штурм-В» или «Атака», которые превращали Ми-24 в грозного охотника за танками. Кроме того, вертолет мог нести авиационные бомбы, кассетные боеприпасы и контейнеры с пушечным вооружением. Боевое крещение Ми-24 состоялось в Афганской войне, где он проявил себя как незаменимый инструмент для поддержки войск и борьбы с моджахедами, получив от советских солдат уважительное прозвище «Крокодил» за характерный зеленый камуфляж и «зубастый» вид. Однако в тех же условиях проявились и его недостатки – высокая уязвимость от переносных зенитных ракетных комплексов, что привело к модернизации и разработке систем выброса тепловых ловушек. Ми-24 активно экспортировался и применялся в десятках вооруженных конфликтов по всему миру от Африки до Ближнего Востока и продолжает оставаться на вооружении многих стран, пройдя многочисленные модернизации, которые касаются в первую очередь авионики, систем навигации и управления оружием. Таким образом, Ми-24 не просто стал этапной машиной в истории вертолетостроения, заложив каноны тяжелого ударного вертолета, но и доказал свою высочайшую эффективность и живучесть в реальных боевых условиях, оставшись одним из самых узнаваемых символов военной авиации XX века.', 'Ми-24', '25', '1', '15', '1', '7', '28', '6', NULL, '2025-10-23 20:15:50');
INSERT INTO `Vehicle` (`ID`, `History`, `Name`, `Weapon_ID`, `Type_ID`, `War_ID`, `Country_ID`, `Class_ID`, `Service_ID`, `Generation_ID`, `Created_By`, `Created_At`) VALUES ('35', 'Вертолёт Ка-27, являющийся дальнейшим развитием семейства корабельных вертолётов КБ Камова, был создан для замены своего предшественника, Ка-25, и стал одним из самых узнаваемых и эффективных летательных аппаратов в истории военно-морской авиации. Его разработка началась в конце 1960-х годов, когда советскому флоту потребовался новый противолодочный комплекс, способный эффективно бороться с новейшими атомными подводными лодками вероятного противника, оснащёнными баллистическими ракетами. Главным конструктором машины, как и её предшественницы, был Николай Ильич Камов, а после его смерти в 1973 году работу возглавил Сергей Викторович Михеев. Первый полёт опытного образца, получившего обозначение Ка-252, состоялся в августе 1973 года, а в 1979 году вертолёт был официально принят на вооружение под обозначением Ка-27.\r\n\r\nОтличительной чертой Ка-27, унаследованной от всех вертолётов ОКБ Камова, является соосная схема расположения несущих винтов. Эта конструкция, при которой два винта вращаются в противоположных направлениях на одной оси, исключает необходимость в рулевом винте и обеспечивает машине целый ряд уникальных преимуществ, критически важных для корабельного базирования. Прежде всего, это высокая маневренность, компактность (вертолёт имеет небольшие габариты), устойчивость в режиме висения и способность уверенно выполнять взлёт и посадку на качающуюся палубу корабля даже в условиях сильного волнения моря. Силовая установка вертолёта состоит из двух газотурбинных двигателей ТВ3-117ВК, которые обеспечивают высокую энерговооружённость и надёжность, что особенно важно при полётах над безориентирной морской поверхностью. Экипаж Ка-27 состоит обычно из трёх человек: командира, штурмана-оператора и бортового техника.\r\n\r\nОсновным предназначением базовой модификации Ка-27ПЛ стала борьба с подводными лодками. Его боевая эффективность обеспечивается мощным комплексом бортового оборудования, который включает в себя радиогидроакустическую систему «Ока-2», опускаемую гидроакустическую станцию, радиолокационную станцию для обнаружения надводных целей и перископов подлодок, а также магнитометр для точного обнаружения подводных объектов. В качестве вооружения вертолёт может нести до 800 кг полезной нагрузки, включая глубинные бомбы, торпеды (например, АПР-2 «Орлан» или ВТТ-1 «Угорь»), противолодочные ракеты (такие как АПР-3) и морские маркеры-радиобуи. Помимо противолодочной версии, на базе Ка-27 было создано целое семейство модификаций, самой известной из которых является поисково-спасательный Ка-27ПС, предназначенный для поиска и эвакуации экипажей терпящих бедствие судов, а также для выполнения других поисково-спасательных операций в море. Другой важной модификацией стал вертолёт целеуказания Ка-27ПД с комплексом «Успех», который использовался для наведения на цели противокорабельных ракет с кораблей-носителей. Также существует транспортно-боевой Ка-27М с модернизированным радиоэлектронным оборудованием и экспортный вариант Ка-28, который поставлялся в ряд дружественных СССР и России стран.\r\n\r\nВертолёты Ка-27 и их модификации многие десятилетия составляли основу палубной авиации советского, а затем и российского военно-морского флота, базируясь на крейсерах, противолодочных кораблях, больших десантных кораблях и судах обеспечения. Они активно использовались не только для решения боевых задач, но и для обеспечения безопасности мореплавания, ледовой разведки, поисково-спасательных операций. Несмотря на появление более современных моделей, таких как Ка-31 и Ка-52К, надёжный и проверенный временем Ка-27 до сих пор остаётся в строю, являясь ярким примером успешной реализации уникальных инженерных решений и символом отечественного вертолётостроения.', 'Ка-27', '26', '1', '22', '1', '7', '26', '6', NULL, '2025-10-23 20:15:50');
INSERT INTO `Vehicle` (`ID`, `History`, `Name`, `Weapon_ID`, `Type_ID`, `War_ID`, `Country_ID`, `Class_ID`, `Service_ID`, `Generation_ID`, `Created_By`, `Created_At`) VALUES ('36', 'Вертолёт Ми-28, получивший официальное название «Ночной охотник», представляет собой советский и российский ударный вертолет, предназначенный для уничтожения бронированной техники, живой силы противника и низколетящих малоскоростных воздушных целей в условиях активного огневого противодействия. Его история началась в конце 1970-х годов, когда Министерство обороны СССР осознало необходимость создания специализированного ударного вертолёта нового поколения, способного эффективно противостоять массам бронетехники НАТО и аналогичному американскому вертолёту AH-64 Apache. Опытное конструкторское бюро имени М.Л. Миля, возглавляемое М.Н. Тищенко, начало работы над проектом, который изначально рассматривался как глубокая модернизация Ми-24, но в итоге превратился в совершенно новую машину. Первый полёт опытного образца Ми-28 состоялся 10 ноября 1982 года, и в ходе напряжённой конкурсной борьбы с вертолётом Ка-50 «Чёрная акула» он был выбран как более простой, живучий и дешёвый в производстве, ориентированный на классическую тактику ведения боя.\r\n\r\nКонструктивно Ми-28 выполнен по классической одновинтовой схеме с пятилопастным несущим и Х-образным рулевым винтом. Одной из ключевых особенностей вертолёта является его высочайший уровень живучести и защищённости. Кабина экипажа, состоящая из двух членов – лётчика-оператора (в передней кабине) и командира-штурмана (в задней), представляет собой броневую «ванну», собранную из алюминиевых плит толщиной до 10 мм и дополненную керамической бронёй. Лобовые стёкла кабины выдерживают попадание пуль калибра 12,7 мм, а жизненно важные узлы и системы дублированы и разнесены, что позволяет вертолёту сохранять боеспособность после попаданий из стрелкового оружия и осколков снарядов. Силовая установка состоит из двух газотurbinных двигателей ТВ3-117ВМА или более современных ВК-2500, обеспечивающих высокую энерговооружённость и возможность продолжения полёта на одном двигателе. Шасси вертолёта – неубирающееся, трёхопорное, способное поглощать энергию при грубой посадке или падении с высоты.\r\n\r\nОснову боевой мощи Ми-28 составляет его мощное прицельно-пилотажно-навигационное оборудование и вооружение. На вертолёте установлена подвижная пушечная установка НППУ-28 с 30-мм автоматической пушкой 2А42, способной вести огонь в широком диапазоне углов. Для поражения бронированных целей на четырёх пилонах под короткими крыльями может размещаться широкий спектр управляемого вооружения, включая противотанковые ракеты «Атака-В» и «Вихрь», а также неуправляемые ракеты различных калибров, авиабомбы и контейнеры с пушечным вооружением. Ключевым отличием модернизированного варианта Ми-28Н «Ночной охотник» стала возможность круглосуточного и всепогодного применения. Для этого он оснащён обзорно-прицельной системой с гиростабилизированной оптико-электронной башней, размещённой над втулкой несущего винта, и радиолокационной станцией «Арбалет», установленной в сферическом обтекателе над втулкой рулевого винта, что позволяет вертолёту обнаруживать цели, маскируясь за складками местности. Ми-28 поставлялся на экспорт и прошёл боевое крещение в реальных конфликтах, включая операцию ВКС России в Сирии, где подтвердил свои высокие боевые качества, надёжность и живучесть, став одним из основных ударных вертолётов Армии России.', 'Ми-28', '27', '1', '21', '2', '7', '29', '6', NULL, '2025-10-23 20:15:50');
INSERT INTO `Vehicle` (`ID`, `History`, `Name`, `Weapon_ID`, `Type_ID`, `War_ID`, `Country_ID`, `Class_ID`, `Service_ID`, `Generation_ID`, `Created_By`, `Created_At`) VALUES ('37', 'Вертолёт Ка-50, известный под названием «Чёрная акула», является советским и российским одноместным ударным вертолётом, разработанным в конкурентной борьбе с Ми-28 и представляющим собой уникальную и смелую концепцию в мировом вертолётостроении. Его история началась в 1970-х годах, когда Министерство обороны СССР объявило конкурс на создание перспективного ударного вертолёта нового поколения, который должен был прийти на смену Ми-24 и эффективно бороться с бронетехникой на поле боя. Опытное конструкторское бюро Камова под руководством Сергея Викторовича Михеева предложило радикально новую для этого класса машин концепцию – высокоманевренный, компактный и максимально простой в эксплуатации одноместный вертолёт, построенный по традиционной для КБ соосной схеме. Первый полёт опытного образца, получившего первоначальное обозначение «Изделие 800» или В-80, состоялся 17 июня 1982 года, а в 1995 году указом Президента России вертолёту было присвоено название «Чёрная акула», после чего он получил широкую известность.\r\n\r\nГлавной отличительной особенностью Ка-50 является его соосная схема несущих винтов, при которой два трёхлопастных винта вращаются в противоположных направлениях на одной оси. Это решение устраняет необходимость в рулевом винте и передаёт всю мощность двигателей на создание подъёмной силы и маневренность, что обеспечивает вертолёту исключительные пилотажные характеристики: высокую скороподъёмность, способность к выполнению сложных манёвров, таких как «воронка», и устойчивость в режиме висения даже при сильном боковом ветре. Не менее революционной стала концепция одноместной кабины, что шло вразрез с мировой практикой, где экипаж ударных вертолётов состоял из двух человек – лётчика и оператора вооружения. Для реализации этой идеи вертолёт был оснащён комплексной системой управления и интегрированным прицельно-пилотажно-навигационным комплексом, который позволял одному пилоту одновременно пилотировать машину и применять оружие. Для повышения выживаемости кабина пилота выполнена в виде бронекапсулы, способной выдержать попадание снарядов калибром до 23 мм, а важнейшие системы дублированы и разнесены. Силовая установка состоит из двух газотурбинных двигателей ТВ3-117ВМА, а для спасения пилота на малых высотах вертолёт впервые в мире оснащён системой катапультирования К-37-800, которая перед ejection отстреливает лопасти несущих винтов и выбрасывает кресло с пилотом.\r\n\r\nВооружение Ка-50 является мощным и разнообразным. Неподвижная пушечная установка с 30-мм одноствольной автоматической пушкой 2А42, обладающей высокой точностью и мощностью, размещена на правом борту фюзеляжа. На четырёх подкрыльевых пилонах вертолёт может нести до 2000 кг боевой нагрузки, включая управляемые противотанковые ракеты «Вихрь» с лазерной системой наведения, которые позволяют поражать бронетехнику на расстоянии до 8 км, а также блоки неуправляемых ракет различного калибра и управляемые ракеты «воздух-воздух» «Игла-В». Несмотря на выдающиеся лётно-технические характеристики и победу в ряде конкурсных испытаний у Ми-28, судьба Ка-50 сложилась непросто. Распад СССР и сложная экономическая ситуация 1990-х годов не позволили развернуть его массовое производство. В дальнейшем концепция вертолёта была развита в двухместном варианте Ка-52 «Аллигатор», который сохранил все преимущества соосной схемы, но приобрёл возможность эффективных действий в любое время суток и в сложных метеоусловиях. Таким образом, Ка-50 «Чёрная акула» остался в истории как смелый, инновационный и высокоэффективный проект, доказавший жизнеспособность концепции одноместного соосного ударного вертолёта и заложивший основу для создания своего более совершенного преемника.', 'Ка-50', '28', '1', '23', '2', '7', '30', '6', NULL, '2025-10-23 20:15:50');
INSERT INTO `Vehicle` (`ID`, `History`, `Name`, `Weapon_ID`, `Type_ID`, `War_ID`, `Country_ID`, `Class_ID`, `Service_ID`, `Generation_ID`, `Created_By`, `Created_At`) VALUES ('38', 'Вертолёт Ка-52 «Аллигатор» является дальнейшим развитием и двухместной модификацией своего предшественника, Ка-50 «Чёрная акула», и был создан в ответ на требование современных боевых действий к всепогодному и круглосуточному применению ударной авиации. Разработка машины началась в ОКБ им. Камова в 1990-х годах, когда опыт эксплуатации первых одноместных ударных вертолётов показал, что нагрузка на единственного пилота в сложной обстановке становится чрезмерной, особенно при действиях ночью и в плохую погоду. Конструкторы под руководством Сергея Викторовича Михеева предложили радикальное, но логичное решение – создать двухместный вариант, но не с продольным, а с боковым расположением экипажа, что позволило сохранить все преимущества оригинальной компоновки. Первый полёт опытного образца Ка-52 состоялся 25 июня 1997 года, а в 2011 году вертолёт был официально принят на вооружение Вооружённых Сил Российской Федерации, став одним из самых современных и мощных боевых вертолётов в мире.\r\n\r\nКонструктивно Ка-52 унаследовал от Ка-50 все ключевые innovations, главной из которых является соосная схема несущих винтов. Два трёхлопастных винта, вращающихся в противоположных направлениях, обеспечивают «Аллигатору» превосходную маневренность, устойчивость в режиме висения, высокую скороподъёмность и безопасность полётов на малых высотах, а также компактность, что важно для базирования на ограниченных площадках. Основным и принципиальным отличием стала двухместная кабина с экипажем, размещённым рядом друг с другом (по схеме «тандем-бок-о-бок»), что обеспечивает оптимальное взаимодействие лётчика и штурмана-оператора. Кабина, как и у предшественника, представляет собой броневую капсулу, способную выдержать попадание снарядов калибром до 23 мм, и оснащена системой катапультирования К-37-800, которая предварительно отстреливает лопасти несущих винтов. Силовая установка состоит из двух турбовальных двигателей ВК-2500, обеспечивающих высокую энерговооружённость и возможность продолжения полёта при отказе одного из них.\r\n\r\nГлавным преимуществом Ка-52 перед Ка-50 является его способность действовать круглосуточно и в любых погодных условиях, что достигнуто за счёт установки сложнейшего комплекса бортового радиоэлектронного оборудования. Его основу составляет прицельно-пилотажно-навигационный комплекс «Ратник», включающий в себя многочисленные оптико-электронные, тепловизионные и лазерные системы. Над втулкой несущего винта в носовом обтекателе размещена мощная радиолокационная станция «Арбалет», способная обнаруживать наземные, воздушные и надводные цели на большом расстоянии, в том числе в режиме картографирования местности. Вооружение «Аллигатора» идентично Ка-50, но применяется более эффективно благодаря расширенным возможностям обнаружения целей: это 30-мм одноствольная пушка 2А42, управляемые противотанковые ракеты «Вихрь-1» и новейшие «Продукт 305» с дальностью поражения до 14,5 км, а также неуправляемые ракеты, авиабомбы и управляемые ракеты «воздух-воздух» «Игла-В». Ка-52 активно и успешно применяется в реальных боевых действиях, включая операцию в Сирии и специальную военную операцию на Украине, где он используется для непосредственной авиационной поддержки войск, уничтожения бронетанковой техники и живой силы противника, а также для ведения комплексной разведки, подтвердив свою репутацию высокоэффективного и живучего боевого комплекса, а также был разработан его палубный вариант Ка-52К «Катран» для базирования на универсальных десантных кораблях.', 'Ка-52', '29', '1', '21', '2', '7', '31', '6', NULL, '2025-10-23 20:15:50');
INSERT INTO `Vehicle` (`ID`, `History`, `Name`, `Weapon_ID`, `Type_ID`, `War_ID`, `Country_ID`, `Class_ID`, `Service_ID`, `Generation_ID`, `Created_By`, `Created_At`) VALUES ('39', 'Вертолёт Ми-4, ставший одним из самых знаковых и массовых советских вертолётов первого поколения, был создан в рекордно короткие сроки как ответ на стремительное развитие военно-транспортной авиации, и в частности, вертолётостроения, в США. Непосредственным толчком к его разработке послужало появление у американцев в начале 1950-х годов транспортного вертолёта Sikorsky S-55, который активно применялся в Корейской войне для десантирования войск. Перед ОКБ-4 под руководством Михаила Леонтьевича Миля была поставлена амбициозная задача: всего за один год создать машину, превосходящую американский аналог по грузоподъёмности и характеристикам. Конструкторы блестяще справились с этой задачей, и первый полёт опытного образца В-12 состоялся 3 июня 1952 года, а уже в 1953 году началось его серийное производство, что стало выдающимся достижением советской авиапромышленности.\r\n\r\nКонструктивно Ми-4 выполнен по классической одновинтовой схеме с четырёхлопастным несущим и трёхлопастным рулевым винтами. Его главной отличительной особенностью, определившей многогранность применения, стала просторная грузовая кабина, по размерам сопоставимая с фюзеляжем транспортного самолёта того времени. Это решение было достигнуто за счёт переноса силовой установки – поршневого звездообразного двигателя АШ-82В мощностью 1700 л.с. – в носовую часть фюзеляжа, что освободило объём для размещения десанта или грузов. Грузовая кабина имела большие сдвижные двери по левому борту и опускающийся трап, что позволяло быстро производить погрузку и десантирование. В военно-транспортном варианте вертолёт мог брать на борт до 12 полностью экипированных десантников или различные виды техники, такие как автомобиль ГАЗ-69, 85-мм орудие или до 1600 кг груза внутри фюзеляжа и ещё 500 кг на внешней подвеске. Экипаж вертолёта состоял из двух-трёх человек: командира, второго пилота и борттехника.\r\n\r\nМи-4 производился с 1952 по 1966 год и был принят на вооружение не только в СССР, но и в десятках дружественных стран, став настоящим символом советской вертолётной авиации 1950-1960-х годов. Помимо базового военно-транспортного варианта, было создано огромное количество модификаций, что свидетельствует о невероятной универсальности машины: пассажирский Ми-4П с комфортабельным салоном на 11 человек, противолодочный Ми-4М с опускаемой гидроакустической станцией и радиobuями, сельскохозяйственный Ми-4СХ для распыления удобрений, санитарный, лесопатрульный, воздушный командный пункт и даже летающий кран. Ми-4 установил несколько мировых рекордов, в том числе рекорд грузоподъёмности, подняв груз массой 2000 кг на высоту 6000 метров. Этот вертолёт сыграл ключевую роль в становлении армейской авиации СССР, массово использовался в гражданской авиации для освоения труднодоступных регионов, а его боевое применение было отмечено в ряде локальных конфликтов по всему миру. На смену легендарному Ми-4 пришёл его газотурбинный преемник – ещё более знаменитый Ми-8, но именно «четвёрка» заложила фундамент для многолетнего лидерства отечественного вертолётостроения в классе средних вертолётов.', 'Ми-4', NULL, '1', '24', '1', '7', '32', '7', NULL, '2025-10-23 20:15:50');
INSERT INTO `Vehicle` (`ID`, `History`, `Name`, `Weapon_ID`, `Type_ID`, `War_ID`, `Country_ID`, `Class_ID`, `Service_ID`, `Generation_ID`, `Created_By`, `Created_At`) VALUES ('40', 'Вертолёт Ми-6, ставший настоящим прорывом в мировом вертолётостроении и на десятилетия определивший лидерство СССР в классе тяжёлых машин, был создан в ОКБ Михаила Леонтьевича Миля в ответ на растущие потребности народного хозяйства и вооружённых сил в транспортировке крупногабаритных грузов, техники и личного состава на большие расстояния. Разработка вертолёта, начавшаяся в середине 1950-х годов, была вызвана необходимостью освоения труднодоступных регионов Сибири, Дальнего Востока и Крайнего Севера, а также для мобильной переброски воинских подразделений, оснащённых новой боевой техникой, включая баллистические ракеты тактического назначения. Перед конструкторами стояла грандиозная задача — создать вертолёт, грузоподъёмность которого в несколько раз превосходила бы существующие аналоги, и они блестяще с ней справились, подняв в воздух машину, которая в момент своего появления была самым большим и грузоподъёмным вертолётом в мире. Первый полёт опытного образца состоялся 5 июня 1957 года, а в 1959 году Ми-6 установил абсолютный мировой рекорд, подняв груз массой 5000 кг на высоту 5600 метров, что стало сенсацией и подтвердило его уникальные возможности.\r\n\r\nКонструктивно Ми-6 представляет собой классический тяжелый вертолёт одновинтовой схемы с пятилопастным несущим и четырёхлопастным рулевым винтами. Однако его уникальность заключалась в ряде революционных для своего времени решений. Главным из них стало использование несущего винта невиданного до тех пор диаметра — 35 метров, а для привода этого гиганта потребовалась мощная силовая установка, которую составили два газотурбинных двигателя Д-25В конструкции П.А. Соловьёва, установленные над грузовой кабиной в своеобразном «сарае». Это расположение силовой установки позволило освободить весь объём просторного грузового отсека, который по габаритам не уступал кузову грузового автомобиля и мог вместить до 12 тонн груза, 70-90 полностью экипированных десантников или стандартную армейскую технику — бронетранспортёры, автомобили, артиллерийские орудия и инженерную технику. Для ускорения погрузки и десантирования в хвостовой части фюзеляжа были предусмотрены большие распашные двери с опускающимся трапом, а для транспортировки грузов на внешней подвеске под фюзеляжем был смонтирован мощный крюк. Ещё одной инновацией стало использование нагруженного крыла относительно небольшого размаха, которое частично разгружало несущий винт на крейсерских скоростях полёта и позволяло Ми-6 развивать скорость, сопоставимую со скоростями транспортных самолётов того времени — до 300 км/ч, что стало ещё одним мировым рекордом.\r\n\r\nМи-6 серийно производился с 1959 по 1980 год на Ростовском вертолётном заводе и стал настоящей рабочей лошадкой как в военной, так и в гражданской авиации Советского Союза. На его базе было создано несколько модификаций, включая Ми-6А с улучшенным оборудованием, Ми-6ТЗ — танкер для заправки горючим в полевых условиях, воздушный командный пункт Ми-22 и поисково-спасательный Ми-6ПС. Вертолёт сыграл неоценимую роль в народном хозяйстве, участвуя в монтаже буровых вышек и линий электропередач в Сибири, тушении лесных пожаров, ликвидации последствий стихийных бедствий и строительстве крупных промышленных объектов в труднодоступной местности. На вооружении Советской Армии он обеспечивал стратегическую мобильность, перебрасывая целые подразделения с техникой, и использовался во время учений и в ряде локальных конфликтов. Ми-6 поставлялся на экспорт в страны Варшавского Договора и другие дружественные государства, а его надёжность и мощь на многие годы сделали его символом советской инженерной мысли, напрямую указав путь к созданию ещё более тяжёлых вертолётов, таких как Ми-10 и Ми-26.', 'Ми-6', '30', '1', '15', '1', '7', '33', '7', NULL, '2025-10-23 20:15:50');
INSERT INTO `Vehicle` (`ID`, `History`, `Name`, `Weapon_ID`, `Type_ID`, `War_ID`, `Country_ID`, `Class_ID`, `Service_ID`, `Generation_ID`, `Created_By`, `Created_At`) VALUES ('41', 'Вертолёт Ми-8, по праву считающийся одним из самых массовых и узнаваемых вертолётов в истории авиации, был создан в ОКБ Михаила Леонтьевича Миля как замена надежного, но уже устаревающего Ми-4 и изначально задумывался как многоцелевая машина для нужд народного хозяйства и вооружённых сил. Разработка вертолёта, получившего первоначальное обозначение В-8, началась в конце 1950-х годов, и его первый полёт с одним газотурбинным двигателем состоялся 24 июня 1961 года под управлением лётчика-испытателя Б.В. Зёмского. Однако в ходе испытаний конструкторы пришли к гениальному по своей простоте и эффективности решению — установить два двигателя, что кардинально повысило безопасность, мощность и грузоподъёмность машины. Этот вариант, В-8А, впервые поднялся в воздух в 1962 году и после успешных государственных испытаний был принят на вооружение и в эксплуатацию под обозначением Ми-8, начав свою поистине легендарную карьеру, которая продолжается и по сей день.\r\n\r\nКонструктивно Ми-8 выполнен по классической одновинтовой схеме с пятилопастным несущим и трёхлопастным рулевым винтами. Его главным преимуществом и залогом многолетнего успеха стала невероятная универсальность, надёжность и ремонтопригодность, заложенные при проектировании. Сердцем вертолёта являются два газотурбинных двигателя ТВ2-117 (на ранних модификациях), а затем более мощные и современные ТВ3-117, которые расположены сверху фюзеляжа и обеспечивают высокий запас мощности, позволяя продолжать полёт при отказе одного из них. Просторный грузопассажирский салон, доступ через большие сдвижные двери, способен вместить до 24 десантников, 12 носилок с ранеными или до 4000 кг груза внутри фюзеляжа и ещё 3000 кг на внешней подвеске, что делает его незаменимым транспортным средством. Для военных нужд был создан специализированный транспортно-бовой вариант Ми-8ТВ, который мог нести на шести балочных держателях мощное вооружение: блоки неуправляемых ракет, пулемётные контейнеры, а позже и противотанковые управляемые ракеты, превращая его из «летающего грузовика» в грозную ударную платформу.\r\n\r\nМи-8 и его дальнейшее развитие Ми-17 производятся с 1965 года на Казанском вертолётном заводе и до сих пор остаются в серийном производстве, что является абсолютным рекордом в истории вертолётостроения. За это время было создано свыше 130 модификаций, каждая из которых адаптирована для выполнения конкретных задач: это и пассажирский Ми-8П, и санитарный, и поисково-спасательный, и воздушный командный пункт, и танкер, и лесопатрульный, и буровой, и даже летающий музей. Вертолёт стоит на вооружении более чем в 100 странах мира и принял участие практически во всех вооружённых конфликтах и миротворческих операциях второй половины XX и начала XXI века, от Афганистана и Чечни до Сирии и Африки, где заслужил репутацию «рабочей лошадки» и символа надежности. Его способность работать в самых экстремальных климатических условиях — от арктических льдов до знойных пустынь и высокогорий — сделала его незаменимым инструментом как для армии, так и для гражданских операторов по всему миру. Ми-8 — это не просто вертолёт, это настоящая легенда, летающий символ отечественного вертолётостроения, чья история далека от завершения.', 'Ми-8', '31', '1', '21', '1', '7', '34', '7', NULL, '2025-10-23 20:15:50');
INSERT INTO `Vehicle` (`ID`, `History`, `Name`, `Weapon_ID`, `Type_ID`, `War_ID`, `Country_ID`, `Class_ID`, `Service_ID`, `Generation_ID`, `Created_By`, `Created_At`) VALUES ('42', 'Вертолёт Ми-26, получивший официальное название «Летающий супертяжеловоз» и неофициальное — «Летающая корова», является крупнейшим и самым грузоподъёмным серийным транспортным вертолётом в мире, не имеющим аналогов по своим характеристикам до сих пор. Его разработка в ОКБ имени Миля началась в начале 1970-х годов как ответ на растущие потребности Советского Союза в перевозке особо тяжелых и крупногабаритных грузов массой до 20 тонн для нужд народного хозяйства и вооружённых сил, которые не могли быть выполнены существующими тяжёлыми вертолётами Ми-6 и Ми-10. Перед конструкторами под руководством Марата Николаевича Тищенко стояла беспрецедентная задача — создать машину, чья грузоподъёмность как минимум вдвое превосходила бы возможности любого серийного вертолёта в мире, и они блестяще с ней справились, представив настоящего исполина. Первый полёт опытного образца состоялся 14 декабря 1977 года, а в 1980 году вертолёт был официально принят на вооружение Военно-транспортной авиации СССР, установив сразу несколько мировых рекордов, в том числе по подъёму груза массой 25 тонн на высоту 4000 метров.\r\n\r\nКонструктивно Ми-26 выполнен по классической одновинтовой схеме, но его масштабы поражают воображение даже сегодня. Ключевым элементом, позволившим достичь столь выдающихся характеристик, стал восьмилопастной несущий винт диаметром 32 метра — самый большой из когда-либо созданных для вертолётов. Лопасти винта изготовлены из стеклопластика и имеют сложную аэродинамическую форму, что обеспечивает высокую эффективность. Для привода этого гигантского ротора была создана уникальная силовая установка — два газотурбинных двигателя Д-136 разработки Запорожского машиностроительного конструкторского бюро «Прогресс» мощностью по 11400 лошадиных сил каждый, размещённые в отдельных гондолах над грузовым отсеком. Мощности этих двигателей хватает не только для подъёма колоссальных грузов, но и для обеспечения работы системы противообледенения. Грузовая кабина вертолёта по своим размерам и объёму близка к фюзеляжу самолёта Ан-12: её длина составляет 12 метров, ширина — 3,2 метра, а высота — 3,1 метра, что позволяет перевозить внутри до 20 тонн груза, например, две боевые машины пехоты, грузовики, инженерную технику или до 82 полностью экипированных десантников. Для погрузки тяжёлой техники в хвостовой части фюзеляжа расположены двустворчатые двери с опускающимся трапом, а для транспортировки негабаритных грузов на внешней подвеске под фюзеляжем установлена мощная лебёдка с крюком.\r\n\r\nМи-26 серийно производится на Ростовском вертолётном заводе с 1984 года и зарекомендовал себя как незаменимая машина как в военной, так и в гражданской сферах. Он сыграл ключевую роль в ликвидации последствий аварии на Чернобыльской АЭС, где использовался для транспортировки особо тяжёлых грузов и монтажа оборудования, доказав свою необходимость в критических ситуациях. В народном хозяйстве Ми-26 используется для монтажа высотных конструкций, перевозки буровых установок и другой техники в труднодоступные районы, тушения масштабных лесных пожаров с помощью водосливного устройства ВСУ-15, а также для проведения спасательных и гуманитарных операций по всему миру. На его базе создано несколько модификаций, включая гражданский транспортный Ми-26Т, медицинский Ми-26МС, воздушный командный пункт Ми-27 и противопожарный Ми-26ПП. Боевое применение вертолёта связано прежде всего с переброской тяжёлой техники и грузов в зонах конфликтов, таких как Афганистан, Чечня и Кавказ, а также с выполнением задач в ходе специальной военной операции на Украине. Несмотря на появление проектов ещё более тяжёлых вертолётов, Ми-26 уже более четырёх десятилетий остаётся непревзойдённым мировым лидером в классе грузоподъёмности, являясь гордостью отечественного вертолётостроения и настоящим летающим символом инженерной мощи.', 'Ми-26', NULL, '1', '25', '1', '7', '35', '7', NULL, '2025-10-23 20:15:50');
INSERT INTO `Vehicle` (`ID`, `History`, `Name`, `Weapon_ID`, `Type_ID`, `War_ID`, `Country_ID`, `Class_ID`, `Service_ID`, `Generation_ID`, `Created_By`, `Created_At`) VALUES ('43', 'Вертолёт Ми-171 является глубокой модернизацией легендарного Ми-8 и разработан на Улан-Удэнском авиационном заводе с целью расширения эксплуатационных возможностей базовой платформы и адаптации её к современным требованиям как на внутреннем, так и на международном рынке. Его история началась в 1990-х годах, когда перед российским вертолётостроением встала задача не только сохранить, но и усилить позиции знаменитого Ми-8 в условиях жёсткой международной конкуренции, предложив заказчикам машину с улучшенными лётно-техническими характеристиками, повышенной безопасностью и комфортом. За основу была взята одна из самых совершенных на тот момент военных модификаций — Ми-8АМТ, что предопределило высокий потенциал новой модели. Первый полёт Ми-171 состоялся в 2000 году, и с тех пор он стал одним из самых успешных и востребованных российских вертолётов на экспорт, поставляясь в десятки стран Азии, Африки, Латинской Америки и Ближнего Востока.\r\n\r\nКонструктивно Ми-171 сохранил все лучшие черты своего предшественника — классическую одновинтовую схему с пятилопастным несущим и трёхлопастным рулевым винтами, а также фюзеляж с просторной грузовой кабиной, но при этом получил ряд ключевых усовершенствований. Главным отличием стала установка более мощных и современных газотурбинных двигателей ТВ3-117ВМ или ВК-2500, которые обеспечивают выдающуюся энерговооружённость, особенно важную при работе в высокогорных и жарких условиях, где другие вертолёты теряют в производительности. Для повышения безопасности полётов вертолёт оснастили усовершенствованной системой управления и навигации, а также вспомогательной силовой установкой (ВСУ) ТА-14, которая позволяет запускать двигатели без наземного оборудования и обеспечивать энергией бортовые системы на стоянке. Грузовая кабина Ми-171, доступная через большую сдвижную дверь с электролебёдкой, способна вместить до 4000 кг груза или 26 пассажиров в транспортном варианте, 12 носилок с сопровождающими в санитарном или до 37 десантников в военно-транспортной конфигурации. Важной особенностью является усиленная конструкция пола и возможность быстрого преобразования салона для выполнения различных задач.\r\n\r\nМи-171 производится в Улан-Удэ и активно конкурирует на мировом рынке, предлагая заказчикам уникальное сочетание проверенной надёжности платформы Ми-8 и современных технологий. Существует несколько специализированных модификаций вертолёта, созданных для конкретных задач: это и пассажирский Ми-171А, и транспортный Ми-171, и поисково-спасательный Ми-171ПС, оснащённый современным радиолокационным и тепловизионным оборудованием, и VIP-вариант с комфортабельным салоном, и военно-транспортный Ми-171Ш, который может нести мощное вооружение на четырёх балочных держателях, включая блоки неуправляемых ракет, пулемёты и противотанковые управляемые ракеты. Вертолёт активно используется для перевозки грузов и персонала в труднодоступные районы, проведения поисково-спасательных операций, тушения лесных пожаров, а также в миротворческих и гуманитарных миссиях под эгидой ООН. Его боевое применение связано с участием в контртеррористических операциях по всему миру, где он ценится за свою живучесть, грузоподъёмность и способность работать в самых суровых условиях. Таким образом, Ми-171 не просто продолжает легенду Ми-8, а является её качественным развитием, успешно доказывая, что проверенная временем конструкция может оставаться актуальной и конкурентоспособной на протяжении многих десятилетий.', 'Ми-171', NULL, '1', NULL, '2', '7', '36', '8', NULL, '2025-10-23 20:15:50');
INSERT INTO `Vehicle` (`ID`, `History`, `Name`, `Weapon_ID`, `Type_ID`, `War_ID`, `Country_ID`, `Class_ID`, `Service_ID`, `Generation_ID`, `Created_By`, `Created_At`) VALUES ('44', 'Вертолёт Ка-29, являющийся дальнейшим развитием корабельного противолодочного Ка-27, был создан в ОКБ Камова как специализированный транспортно-боевой вертолет для Военно-Морского Флота СССР и предназначенный для высадки морских десантов, огневой поддержки десанта на берегу, а также для решения ряда других задач на морском театре военных действий. Разработка вертолёта, получившего обозначение «изделие 502», началась в первой половине 1970-х годов на базе хорошо зарекомендовавшей себя платформы Ка-27, что позволило в короткие сроки создать новую машину, унаследовавшую от предшественника всю инфраструктуру базирования и высокие лётно-технические характеристики. Первый полёт опытного образца Ка-29 состоялся 28 июля 1976 года, а в 1985 году, после завершения комплекса государственных испытаний, вертолёт был официально принят на вооружение авиации ВМФ и начал поступать на большие десантные корабли (БДК) проектов 775 и 1174, где базировался вместе с Ка-27.\r\n\r\nКонструктивно Ка-29 полностью сохранил узнаваемый облик вертолётов камовской школы – это двухдвигательный аппарат с соосной схемой расположения трёхлопастных несущих винтов, что обеспечивает ему исключительную маневренность, компактность и устойчивость, критически важные при взлёте и посадке на качающуюся палубу корабля в условиях сильного волнения моря. Однако его основным отличием от Ка-27 стала полностью переработанная носовая часть фюзеляжа, где была размещена двухместная кабина экипажа, расположенная тандемом – штурман-оператор впереди и командир-пилот сзади и чуть выше, что обеспечивало обоим прекрасный обзор. За кабиной экипажа располагалась грузо-десантная кабина, рассчитанная на перевозку 16 полностью экипированных десантников или 10 раненых на носилках в санитарном варианте, или 2000 кг груза внутри фюзеляжа и ещё 4000 кг на внешней подвеске. Для обеспечения круглосуточного применения и эффективного применения вооружения вертолёт был оснащён современным (для своего времени) прицельно-пилотажным комплексом, включавшим оптико-электронную систему и низкоуровневый телевизионный канал.\r\n\r\nОснову боевой мощи Ка-29 как вертолёта огневой поддержки составляло его мощное и разнообразное вооружение, размещавшееся на четырёх балочных держателях. Оно включало в себя подвижную пулемётную установку с 7.62-мм четырёхствольным пулемётом ГШГ-7, блоки неуправляемых авиационных ракет (НАР) калибром 80 мм (С-8) и 122 мм (С-13), а также противотанковые управляемые ракеты «Штурм-В» с дальностью пуска до 5 км, способные эффективно бороться с бронированными целями и укреплёнными точками противника. Для защиты от средств ПВО вертолёт мог нести контейнеры с автоматами выброса тепловых ловушек и дипольных отражателей. Силовая установка Ка-29 состояла из двух газотурбинных двигателей ТВ3-117ВК, обеспечивавших высокую энерговооружённость и безопасность полёта над морем. Вертолёт Ка-29 производился серийно на авиационном заводе в Кумертау с 1984 по 1991 год и составил основу транспортно-боевой авиации морской пехоты СССР, однако после распада страны его производство было свёрнуто, а парк машин постепенно сокращался. Тем не менее, Ка-29 остаётся уникальной и высокоэффективной боевой единицей, сочетающей в себе возможности десантного транспорта и ударного вертолёта, оптимально адаптированной для действий в интересах флота и морской пехоты.', 'Ка-29', '32', '1', '15', '1', '7', '37', '9', NULL, '2025-10-23 20:15:50');
INSERT INTO `Vehicle` (`ID`, `History`, `Name`, `Weapon_ID`, `Type_ID`, `War_ID`, `Country_ID`, `Class_ID`, `Service_ID`, `Generation_ID`, `Created_By`, `Created_At`) VALUES ('45', 'Вертолёт Ми-35М является глубокой модернизацией легендарного Ми-24 и представляет собой современный ударный вертолёт, ориентированный на экспорт и оснащение Воздушно-космических сил России, созданный с учётом опыта боевого применения своих предшественников. Разработка машины началась в середине 1990-х годов как ответ на растущие требования международного рынка и потребности российской армии в вертолёте, сочетающем проверенную надёжность платформы Ми-24 с новейшими технологиями круглосуточного всепогодного применения. Изначально проект позиционировался как экспортный, отсюда и индекс «М» — модернизированный, но впоследствии его высокие характеристики оценили и в Министерстве обороны РФ. Первый полёт опытного образца состоялся в 1999 году, а в 2005 году вертолёт был официально представлен публике; серьёзным этапом стала поставка крупной партии Ми-35М для ВКС России в 2011 году, что подтвердило его статус полноценной боевой единицы.\r\n\r\nКонструктивно Ми-35М сохранил классическую для Ми-24 компоновку с двухместной кабиной экипажа, расположенной тандемом, и развитым крылом для подвески вооружения, но при этом приобрёл кардинально новые качества. Одним из ключевых изменений стала замена двигателей ТВ3-117 на более мощные и современные ВК-2500 с цифровой системой автоматического управления, что значительно улучшило скороподъёмность, манёвренность и особенно характеристики вертолёта при работе в условиях высоких температур и в горной местности. Не менее важным усовершенствованием стал отказ от громоздкого грузового отсека в пользу дополнительных топливных баков и нового бортового радиоэлектронного оборудования, что превратило Ми-35М из транспортно-боевого в специализированный ударный вертолёт. Его прицельно-пилотажно-навигационный комплекс, включающий гиростабилизированную оптико-электронную станцию с тепловизионным и лазерным каналами, многофункциональные цветные дисплеи в кабине и нашлемную систему целеуказания, обеспечивает экипажу возможность эффективно обнаруживать и поражать цели в любое время суток и в сложных метеоусловиях. Вооружение вертолёта включает неподвижную пушечную установку с 23-мм пушкой ГШ-23В на подвижном лафете, а на шести точках подвески он может нести широкий спектр управляемых и неуправляемых средств поражения, такие как противотанковые ракеты «Штурм-В» и «Атака», блоки неуправляемых ракет С-8 и С-13, а также управляемые ракеты «воздух-воздух» «Игла-В» для самообороны.\r\n\r\nМи-35М серийно производится на вертолётном заводе «Роствертол» и активно поставляется как в Воздушно-космические силы России, так и на экспорт в ряд стран, включая Венесуэлу, Ирак, Азербайджан, Нигерию и другие. Его боевое применение наиболее масштабно проявилось в Сирии, где вертолёты использовались для непосредственной авиационной поддержки сухопутных войск, уничтожения бронетехники и укреплённых позиций террористов, а также для сопровождения военных конвоев, где они в полной мере продемонстрировали свою эффективность, живучесть и способность работать в условиях применения противником переносных зенитных ракетных комплексов. Таким образом, Ми-35М не просто является модернизацией Ми-24, а представляет собой качественно новую боевую платформу, которая, сохранив преемственность и боевой дух «Крокодила», обрела возможности, сопоставимые с вертолётами поколения «4+», что позволяет ей оставаться грозным и востребованным участником современных конфликтов.', 'Ми-35М', '33', '1', '21', '2', '7', '38', '9', NULL, '2025-10-23 20:15:50');
INSERT INTO `Vehicle` (`ID`, `History`, `Name`, `Weapon_ID`, `Type_ID`, `War_ID`, `Country_ID`, `Class_ID`, `Service_ID`, `Generation_ID`, `Created_By`, `Created_At`) VALUES ('46', 'Ту-160, известный под официальным названием «Белый лебедь» и натовским кодом Blackjack, является самым крупным, самым скоростным и самым мощным в истории военной авиации сверхзвуковым стратегическим ракетоносцем-бомбардировщиком с изменяемой геометрией крыла. Его разработка в ОКБ Андрея Николаевича Туполева началась в 1970-х годах в рамках ответа на американскую программу создания перспективного стратегического бомбардировщика B-1 Lancer и стала вершиной советской инженерной мысли в области дальней авиации. Советскому авиапрому предстояло создать самолёт, превосходящий американский аналог по ключевым параметрам: скорости, дальности и боевой нагрузке. После напряжённой конкурентной борьбы с проектом ОКБ Мясищева (М-18) победу одержал туполевский проект, вобравший в себя лучшие наработтки конкурентов. Первый полёт опытного образца состоялся 18 декабря 1981 года на аэродроме в Раменском, а в 1987 году самолёт начал поступать на вооружение Дальней Авиации ВВС СССР.\r\n\r\nКонструктивно Ту-160 выполнен по интегральной схеме с изменяемой геометрией крыла, что позволяет ему достигать высокой крейсерской скорости на дозвуке и максимальной скорости на малой высоте. Его аэродинамическая компоновка представляет собой низкоплан с цельноповоротным стабилизатором и четырьмя мощными двухконтурными турбореактивными двигателями НК-32 разработки НПО «Сатурн», которые размещены попарно в двух мотогондолах под фюзеляжем и являются самыми мощными в своём классе, обеспечивая самолёту уникальную тяговооружённость. Планер самолёта в значительной степени изготовлен из титана и алюминиевых сплавов, а характерная белая окраска предназначена для снижения тепловой нагрузки при полёте на сверхзвуковых скоростях. Экипаж из четырёх человек размещается в просторной двухпалубной кабине, оснащённой средствами аварийного покидания. Одной из ключевых особенностей Ту-160 является отсутствие традиционного оборонительного вооружения; его защита строится на высокой скорости и высоте полёта, а также на применении мощных средств радиоэлектронной борьбы. Основная боевая нагрузка, которая может достигать 45 тонн, размещается в двух внутрифюзеляжных грузоотсеках и может включать в себя до 12 крылатых ракет дальнего радиуса действия Х-55СМ (и их модернизированные варианты Х-555 и Х-101), а также корректируемые авиационные бомбы различного калибра для нанесения ударов по стратегически важным стационарным целям в глубоком тылу противника.\r\n\r\nСерийное производство Ту-160 осуществлялось на Казанском авиационном производственном объединении с 1984 по 2008 год, однако после распада СССР большая часть построенных машин оказалась на территории Украины и была утилизирована, за исключением переданных России в счёт долгов за газ. В 2000-х годах программа Ту-160 получила второе дыхание: были достроены и введены в строй несколько недоукомплектованных машин, а затем началась их глубокая модернизация до уровня Ту-160М, которая включает установку новых цифровых комплексов бортового оборудования, систем связи и навигации, а также современных средств поражения. В 2018 году было принято решение о возобновлении производства модернизированной версии Ту-160М на мощях Казанского авиазавода с использованием сохранённой и обновлённой технологической оснастки. Первый новый построенный Ту-160М совершил полёт в январе 2022 года. Сегодня Ту-160 и его модернизированные варианты составляют основу воздушной компоненты стратегической ядерной триады России, выполняя регулярные патрульные полёты и демонстрируя способность России проектировать силу на глобальном уровне. «Белый лебедь» остаётся символом мощи отечественных ВКС, не имеющим прямых аналогов в мире по совокупности лётно-технических характеристик.', 'Ту-160', '34', '1', '21', '1', '8', '37', '10', NULL, '2025-10-23 20:15:50');
INSERT INTO `Vehicle` (`ID`, `History`, `Name`, `Weapon_ID`, `Type_ID`, `War_ID`, `Country_ID`, `Class_ID`, `Service_ID`, `Generation_ID`, `Created_By`, `Created_At`) VALUES ('47', 'Ту-95, получивший у советских и российских лётчиков прозвище «Медведь», а в классификации НАТО — Bear, является единственным в мире принятым на вооружение стратегическим бомбардировщиком с турбовинтовыми двигателями, чья история началась в начале 1950-х годов и продолжается по сей день, что делает его одним из самых долгоживущих боевых самолётов в истории авиации. Разработка самолёта в ОКБ-156 под руководством Андрея Николаевича Туполева была инициирована как ответ на стремительное развитие ядерных арсеналов и необходимость создания носителя, способного доставить ядерное оружие на территорию потенциального противника, прежде всего США, преодолевая мощнейшую систему ПВО. Задача была невероятно сложной: требовалось создать самолёт с межконтинентальной дальностью полёта, и после неудачи с первым проектом Ту-85, КБ Туполева предложило рискованное, но гениальное решение — использовать мощные турбовинтовые двигатели, которые сочетали в себе экономичность поршневых моторов и высокую мощность реактивных. Первый полёт опытного образца «изделие 95» состоялся 12 ноября 1952 года под управлением лётчика-испытателя А.Д. Перелёта, а в 1956 году, после длительных испытаний и доводок, стратегический бомбардировщик Ту-95 был официально принят на вооружение дальней авиации ВВС СССР.\r\n\r\nКонструктивно Ту-95 представляет собой цельнометаллический свободнонесущий высокоплан с фюзеляжем круглого сечения и однокилевым оперением. Его самой узнаваемой и уникальной чертой являются четыре турбовинтовых двигателя НК-12, разработанных в ОКБ Н.Д. Кузнецова, которые и по сей день остаются самыми мощными турбовинтовыми двигателями в мире. Каждый из них приводит во вращение два соосных четырёхлопастных металлических винта АВ-60К диаметром 5,6 метра, вращающихся в противоположных направлениях, что создаёт характерный оглушительный рёв и обеспечивает самолёту феноменальную топливную эффективность и высокую крейсерскую скорость, близкую к 800 км/ч, недостижимую для других винтовых самолётов. Экипаж самолёта в зависимости от модификации может насчитывать от 7 до 9 человек, размещённых в двух гермокабинах. Оборонительное вооружение первоначально состояло из трёх спаренных автоматических пушечных установок калибра 23 мм, расположенных в кормовой, верхней и нижней установках, которые управлялись дистанционно. Изначально главной задачей Ту-95 было нанесение ядерных ударов свободнопадающими бомбами, для чего его бомбовый отсек был рассчитан на огромную нагрузку. Однако с развитием технологий самолёт неоднократно модернизировался и превратился в многоцелевую платформу. На смену бомбам пришли крылатые ракеты: сначала турбореактивные Х-20, затем более совершенные Х-22, и, наконец, на современной модификации Ту-95МС — длиннокрылые ракеты большого радиуса действия Х-55 (и их преемники Х-555 и Х-101), которые запускаются из барабанной пусковой установки внутри фюзеляжа и способны поражать цели на расстоянии в несколько тысяч километров.\r\n\r\nТу-95 производился серийно с 1955 по 1992 год на авиационных заводах в Куйбышеве и Воронеже в множестве модификаций, включая разведчик Ту-95РЦ, самолёт-носитель Ту-95К с ракетой «воздух-поверхность» и, наконец, наиболее массовый и современный ракетоносец Ту-95МС, который и составляет сегодня основу воздушной компоненты стратегической ядерной триады России. «Медведь» давно перестал быть просто бомбардировщиком; он служит носителем крылатых ракет, самолётом-разведчиком, воздушным командным пунктом, а в варианте Ту-142 — патрульным противолодочным самолётом. Его регулярные полёты на максимальный радиус действия с дозаправкой в воздухе вдоль границ иностранных государств стали неотъемлемой частью демонстрации военного присутствия России. Несмотря на свой почтенный возраст, Ту-95 прошёл программу глубокой модернизации до уровня Ту-95МСМ с новым бортовым радиоэлектронным оборудованием, двигателями НК-12МПМ и возможностью нести новейшие крылатые ракеты, что гарантирует его службу до как минимум 2040 года. Этот легендарный самолёт, чей облик и звук стали символом эпохи, доказал, что удачная конструкция обладает практически неограниченным ресурсом для совершенствования.', 'Ту-95', '35', '1', '21', '1', '8', '39', '10', NULL, '2025-10-23 20:15:50');
INSERT INTO `Vehicle` (`ID`, `History`, `Name`, `Weapon_ID`, `Type_ID`, `War_ID`, `Country_ID`, `Class_ID`, `Service_ID`, `Generation_ID`, `Created_By`, `Created_At`) VALUES ('48', 'Ту-22М, известный под натовским кодом Backfire, является советским и российским дальним сверхзвуковым ракетоносцем-бомбардировщиком с изменяемой геометрией крыла, который был создан как глубокая модернизация и фактически совершенно новый самолёт на замену не вполне удачному Ту-22. Разработка машины в ОКБ А.Н. Туполева началась в середине 1960-х годов в условиях холодной войны, когда советскому военно-морскому флоту и дальней авиации требовался современный носитель сверхзвуковых противокорабельных ракет для борьбы с авианосными ударными группами НАТО, а также самолёт для нанесения ударов по глубоким тылам противника. Чтобы обойти бюрократические препоны и представить проект как модификацию существующего Ту-22, самолёту было присвоено обозначение Ту-22М, хотя конструктивно он имел с предшественником мало общего. Первый полёт опытного образца Ту-22М0 состоялся 30 августа 1969 года, а в 1976 году после нескольких итераций и значительных доработок в серию пошла первая массовая модификация Ту-22М2, принятая на вооружение авиации ВМФ и Дальней авиации ВВС СССР.\r\n\r\nКонструктивно Ту-22М выполнен по нормальной аэродинамической схеме с низкорасположенным крылом изменяемой стреловидности, которое позволяет оптимизировать летные характеристики на различных режимах: при взлёте и посадке крыло устанавливается в минимальное положение стреловидности (20°) для достижения высоких несущих свойств, а на сверхзвуке консоли крыла переводятся в максимальное положение (60° или 65°), что резко снижает аэродинамическое сопротивление и позволяет развивать скорость до 2300 км/ч. Силовая установка состоит из двух двухконтурных турбореактивных двигателей НК-25 (на модификации Ту-22М3) с форсажными камерами, размещённых в мотогондолах в хвостовой части фюзеляжа по бокам от огромного киля. Экипаж из четырёх человек (командир, помощник командира, штурман и оператор вооружения) размещается в двух гермокабинах тандемом. Оборонительное вооружение первоначально включало кормовую пушечную установку с дистанционным управлением и двуствольной пушкой ГШ-23 калибра 23 мм, однако главной ударной силой самолёта являются ракеты и бомбы. На модификации Ту-22М3 основным вооружением стали три сверхзвуковые противокорабельные ракеты Х-22 «Буря» (или их модификации), размещаемые под фюзеляжем и крылом на пилонах, а также различное свободнопадающее бомбовое вооружение массой до 24 тонн в двух внутрифюзеляжных отсеках. Самолёт оснащён мощным бортовым комплексом обороны для постановки активных и пассивных помескрупных РЛС обнаружения и управления огнём кораблей противника.\r\n\r\nТу-22М серийно производился на Казанском авиационном производственном объединении с 1969 по 1993 год, и за это время было создано несколько основных модификаций: Ту-22М0 и М1 (предсерийные), Ту-22М2 (первая крупносерийная с двигателями НК-22) и наиболее совершенная и массовая — Ту-22М3, которая отличается новыми двигателями НК-25, изменёнными воздухозаборниками, уменьшенной площадью крыла и обновлённым радиоэлектронным оборудованием. В 2010-х годах началась глубокая модернизация имеющегося парка Ту-22М3 до уровня Ту-22М3М, которая включает замену всего парка аналогового оборудования на цифровую авионику, новые системы связи и навигации, а также возможность применения новейших высокоточных боеприпасов, таких как крылатая ракета Х-32 и гиперзвуковая ракета «Кинжал». Боевое применение Ту-22М3 началось ещё в годы Афганской войны, где он использовался для коврового бомбождения с больших высот, а в новейшей истории самолёт активно и успешно применялся в ходе операции ВКС России в Сирии для нанесения ударов по объектам террористических группировок, а также в ходе специальной военной операции на Украине, где он используется для ракетных ударов по стратегически важным объектам в глубине территории противника. Ту-22М3 и по сей день остаётся грозным оружием и основным дальним сверхзвуковым бомбардировщиком ВКС России, обеспечивая сдерживание на морских и океанских театрах военных действий.', 'Ту-22М', '36', '1', '21', '1', '8', '40', '10', NULL, '2025-10-23 20:15:50');
INSERT INTO `Vehicle` (`ID`, `History`, `Name`, `Weapon_ID`, `Type_ID`, `War_ID`, `Country_ID`, `Class_ID`, `Service_ID`, `Generation_ID`, `Created_By`, `Created_At`) VALUES ('49', 'Самолет Су24 это советский и российский фронтовой бомбардировщик с крылом изменяемой стреловидности предназначенный для нанесения ракетнобомбовых ударов в простых и сложных метеоусловиях днем и ночью в том числе на малых высотах с прицельным поражением наземных и надводных целей История его создания началась в начале 1960х годов когда советские военные осознали необходимость замены устаревающего сверхзвукового бомбардировщика Як28 Новый самолет должен был стать всепогодным и иметь возможность выполнять полеты на сверхзвуковой скорости у земли а также нести высокоточное вооружение для прорыва мощной ПВО вероятного противника Работы над проектом возглавило ОКБ Сухого Изначально проект имел обозначение С6 и разрабатывался по нормальной аэродинамической схеме с треугольным крылом однако расчеты и испытания показали что такая компоновка не позволяет достичь требуемых характеристик особенно на малых высотах Инженеры нашли решение в использовании крыла изменяемой стреловидности которое позволяло оптимизировать летные качества самолета на разных режимах полета при взлете и посадке крыло устанавливалось в минимальное положение стреловидности 16 градусов что обеспечивало хорошие взлетнопосадочные характеристики на крейсерском дозвуковом режиме использовалось среднее положение 45 градусов а для полета на сверхзвуковой скорости особенно у земли крыло устанавливалось в максимальное положение 69 градусов Первый полет опытного образца под обозначением Т6 состоялся 2 июля 1967 года с летчикомиспытателем Владимиром Ильюшиным за штурвалом После длительных испытаний и доводок которые заняли несколько лет и были сопряжены с рядом трудностей 4 февраля 1975 года самолет был официально принят на вооружение под обозначением Су24\r\n\r\nОписание Су24 это двухместный цельнометаллический свободнонесущий высокоплан с крылом изменяемой стреловидности Экипаж состоит из летчика и штурманаоператора которые размещаются в кабине плечом к плечу что улучшает их взаимодействие Фюзеляж самолета типа полумонокок в носовой части расположен радиопрозрачный обтекатель бортовой радиолокационной станции Авионика для своего времени была очень продвинутой и включала в себя навигационноприцельный комплекс ПНС24 Тигр который объединял несколько систем включая радиолокационную станцию переднего обзора РЛС лазернодальномерцелеуказатель и телевизионную систему что позволяло обнаруживать и сопровождать цели автоматически следовать по заданному маршруту и применять оружие без визуального контакта с целью Одной из ключевых систем стал цифровой вычислитель ЦВУ10С Орбита20 что делало Су24 одним из первых советских серийных самолетов с бортовой цифровой вычислительной машиной Силовая установка состоит из двух двухконтурных турбореактивных двигателей АЛ21Ф3 разработанных под руководством Архипа Люльки каждый из которых развивает тячу на форсаже около 11500 кгс Вооружение Су24 размещается на шести точках подвески под крылом и фюзеляжем и включает огромную номенклатуру средств поражения это свободнопадающие и корректируемые авиабомбы различного калибра неуправляемые авиационные ракеты управляемые ракеты класса воздухзем например Х23 Х25 Х29 Х59 а также ракеты класса воздухкорабль Х31 и Х35 для борьбы с надводными целями Для самообороны от истребителей может нести ракеты ближнего боя Р60 Также самолет оснащен встроенной пушечной установкой с шестиствольной 23миллиметровой пушкой ГШ623\r\n\r\nЗа время своей службы Су24 стал основным ударным самолетом фронтовой авиации СССР а затем и России Он неоднократно модернизировались наиболее известной глубокой модернизацией стал вариант Су24М с усовершенствованным прицельным комплексом и возможностью дозаправки в воздухе Су24 приняли участие во множестве вооруженных конфликтов включая Афганскую войну где использовались для ударов по наземным целям обе Чеченские кампании войну в Грузии в 2008 году и особенно активно в Сирийском конфликте с 2015 года где доказали свою высокую эффективность Также самолет состоял и состоит на вооружении ряда стран таких как Алжир Ангола Беларусь Иран Ливия Судан Сирия и Украина Эксплуатация Су24 в ВКС России постепенно сокращается в связи с поступлением на вооружение его преемника Су34 однако он все еще остается важным компонентом ударной мощи российской военной авиации Без преувеличения Су24 стал этапной машиной в истории отечественной авиации заложив основы для создания последующих более совершенных боевых самолетов', 'Су-24', '37', '1', '15', '1', '8', '41', '11', NULL, '2025-10-23 20:15:50');
INSERT INTO `Vehicle` (`ID`, `History`, `Name`, `Weapon_ID`, `Type_ID`, `War_ID`, `Country_ID`, `Class_ID`, `Service_ID`, `Generation_ID`, `Created_By`, `Created_At`) VALUES ('50', 'Самолет Су-34, известный также под прозвищем «Утенок» из-за характерной формы носовой части, является российским фронтовым бомбардировщиком, пришедшим на смену Су-24. Его история началась в конце 1980-х годов, когда в ОКБ Сухого осознали необходимость создания нового ударного самолета, который сочетал бы в себе высокую боевую нагрузку, дальность полета и защищенность экипажа, а также обладал передовой авионикой для прорыва современной ПВО. Изначально проект разрабатывался как глубокая модернизация Су-27 и имел обозначение Су-27ИБ (истребитель-бомбардировщик). Первый прототип, названный Т-10В-1, поднялся в воздух 13 апреля 1990 года с летчиком-испытателем Анатолием Ивановым. Разработка велась в сложные для страны годы, что затянуло процесс, и только в 2006 году первые серийные Су-34 начали поступать в войска, а официально на вооружение ВВС России он был принят в 2014 году.\r\n\r\nОписание Су-34 базируется на его уникальной компоновке. В отличие от большинства боевых самолетов, экипаж из двух человек – летчик и штурман-оператор – размещается в кабине плечом к плечу, что значительно улучшает взаимодействие в длительных полетах. Сама кабина выполнена в виде бронекапсулы из титановой брони, защищающей экипаж от огня малокалиберной зенитной артиллерии и осколков. Носовая часть самолета имеет сплюснутую форму для размещения радиолокационной станции и улучшения обзора, за что самолет и получил свое прозвище. Конструктивно Су-34 выполнен по интегральной аэродинамической схеме, объединяющей фюзеляж и крыло в единый несущий корпус, что позаимствовано у Су-27 и обеспечивает отличные маневренные характеристики, несмотря на размеры. Самолет оснащен двумя двухконтурными турбореактивными двигателями АЛ-31Ф-М1 с форсажными камерами, которые обеспечивают высокую тяговооруженность и возможность совершать длительные полеты на сверхзвуковой скорости. Одной из ключевых особенностей Су-34 является его огромная дальность полета – до 4000 км без дозаправки, которая может быть увеличена с помощью системы дозаправки в воздухе, а для удобства экипажа в длительных миссиях в кабине есть место для отдыха, мини-кухня и санузел, что уникально для самолета такого класса. Авионика Су-34 представляет собой комплекс цифровых систем, построенных вокруг информационно-управляющего поля кабины с многофункциональными жидкокристаллическими дисплеями. Основу прицельно-навигационного комплекса составляет радиолокационная станция с пассивной фазированной антенной решеткой, способная обнаруживать наземные, надводные и воздушные цели на большом расстоянии, а также сопровождать до десяти целей одновременно. Для защиты от истребителей и поражения наземных целей самолет имеет мощный комплекс обороны, включающий станции радиоэлектронного противодействия и системы обнаружения пусков ракет. Вооружение Су-34 размещается на 12 точках подвески и является чрезвычайно разнообразным: он может нести практически всю номенклатуру управляемого и неуправляемого вооружения российской тактической авиации, включая высокоточные бомбы (КАБ-500, КАБ-1500), управляемые ракеты «воздух-земля» (Х-29, Х-31, Х-35, Х-59), противорадиолокационные ракеты, а также ракеты «воздух-воздух» Р-27 и Р-73 для самообороны. Для ближнего боя на борту установлена 30-миллиметровая автоматическая пушка ГШ-30-1.\r\n\r\nСу-34 стал основным ударным самолетом фронтовой авиации России, активно применяясь в реальных боевых действиях, в частности, в сирийском конфликте, где продемонстрировал высокую эффективность и надежность. Он сочетает в себе ударную мощь бомбардировщика с маневренностью истребителя, что делает его универсальной и грозной боевой платформой, предназначенной для завоевания превосходства на поле боя в условиях современной войны.', 'Су-34', '38', '1', '21', '2', '8', '42', '11', NULL, '2025-10-23 20:15:50');
INSERT INTO `Vehicle` (`ID`, `History`, `Name`, `Weapon_ID`, `Type_ID`, `War_ID`, `Country_ID`, `Class_ID`, `Service_ID`, `Generation_ID`, `Created_By`, `Created_At`) VALUES ('51', 'Самолет Ил-2, известный как «Штурмовик», а среди немецких солдат получивший прозвища «Чума» (Die Schwarze Tod) или «Бетонный самолет», является самым массовым боевым самолетом в истории авиации было построено более 36 тысяч единиц Его создание стало ответом на растущие потребности Рабоче-Крестьянской Красной Армии в специализированном самолете для непосредственной поддержки войск на поле боя Работы по созданию бронированного штурмовика начались в ОКБ Сергея Владимировича Ильюшина в конце 1930-х годов Конструкторская философия Ильюшина была радикальной он предложил сделать броню не просто добавлением к конструкции а несущим элементом самолета что позволило значительно сэкономить в весе Первый полет опытного образца под обозначением ЦКБ-55 состоялся 2 октября 1939 года с летчиком-испытателем Владимиром Коккинаки за штурвалом Изначально самолет был двухместным однако в ходе доводок военные потребовали переделать его в одноместный вариант посчитав что так он будет лучше защищен и проще в производстве что было критически важно в предвоенной обстановке Серийное производство одноместного варианта Ил-2 началось в 1941 году и первые машины поступили в войска буквально за несколько недель до начала Великой Отечественной войны\r\n\r\nОписание Ил-2 уникально для своего времени Это был свободнонесущий моноплан смешанной конструкции с нижним расположением крыла Главной особенностью была его бронекапсула массой около 700 кг которая представляла собой цельносварной корпус из гомогенной авиационной брони толщиной от 4 до 12 мм Эта капсула полностью закрывала жизненно важные органы самолета двигатель радиаторы кабину пилота и топливные баки Бронестекло козырька кабины также имело значительную толщину что делало пилота практически неуязвимым для огня стрелкового оружия и малокалиберной зенитной артиллерии с задней полусферы Однако первоначальный одноместный вариант имел роковой недостаток — отсутствие стрелка для защиты задней полусферы что делало его легкой добычей для немецких истребителей которые быстро научились атаковать Ил-2 сзади и сверху Потери были столь велики что Сталин лично вмешался в ситуацию известна его телеграмма на авиазаводы где он требовал выпускать Ил-2 двухместными что и было реализовано к осени 1942 года На самолет вернули место для воздушного стрелка с пулеметом УБТ калибра 12 7 мм что резко снизило боевые потери Силовая установка состояла из поршневого двигателя АМ-38Ф мощностью 1720 лошадиных сил который обеспечивал скорость до 414 км/ч на высоте 1500 метров Вооружение Ил-2 было его главной ударной силой и отличалось огромной мощностью и разнообразием В крыле устанавливались две 23-миллиметровые авиационные пушки ВЯ-23 и два 7 62-миллиметровых пулемета ШКАС Позже на модификации Ил-2М3 пушки заменили на более мощные 37-мм НС-37 способные поражать даже лобовую броню немецких танков Но основной антитанковой силой были реактивные снаряды РС-82 и РС-132 а также авиабомбы различного калибра до 600 кг в перегрузку В бомбоотсеках и на внешних узлах подвески самолет мог нести также противотанковые кумулятивные бомбы ПТАБ-2 5-1 3 которые при бомбометании с пикирования создавали сплошное поле поражения и были грозой для любой бронетехники\r\n\r\nБоевое применение Ил-2 стало легендой Он действовал на всех фронтах Великой Отечественной войны от Баренцева моря до Черного выполняя самые разные задачи от штурмовки переднего края обороны и танковых колонн до борьбы с железнодорожными эшелонами и баржами Тактика применения заключалась в полетах на малой высоте с использованием рельефа местности для маскировки и внезапных атак на цель с последующим уходом на бреющем полете Несмотря на тяжелые потери особенно в начальный период войны Ил-2 внес неоценимый вклад в победу Его способность выдерживать тяжелые повреждения и возвращаться на свой аэродром стала предметом множества легенд и реальных историй Для советских пехотинцев появление Ил-2 над полем боя было огромным моральным подспорьем а для немецких танкистов — настоящим кошмаром После войны Ильюшин создал его преемника Ил-10 но именно Ил-2 навсегда остался в истории и народной памяти как один из главных символов Великой Победы и олицетворение стойкости и мощи советской военной промышленности', 'Ил-2', '39', '1', '26', '1', '8', '43', '12', NULL, '2025-10-23 20:15:50');
INSERT INTO `Vehicle` (`ID`, `History`, `Name`, `Weapon_ID`, `Type_ID`, `War_ID`, `Country_ID`, `Class_ID`, `Service_ID`, `Generation_ID`, `Created_By`, `Created_At`) VALUES ('52', 'Самолет Ил-10, являвшийся дальнейшим развитием знаменитого штурмовика Ил-2, был создан в ОКБ Сергея Ильюшина в конце Великой Отечественной войны и предназначался для замены своего прославленного предшественника с учетом накопленного боевого опыта. Работы над новой машиной, изначально имевшей заводское обозначение Ил-1, начались в 1943 году, когда стали очевидны как сильные стороны Ил-2, так и его недостатки, в первую очередь – недостаточная скорость и маневренность для противодействия новым поколениям немецких истребителей. Конструкторы сохранили основную концепцию бронированного штурмовика, но кардинально переработали его. Первый полет опытного образца состоялся 18 апреля 1944 года, и уже после успешных государственных испытаний в августе того же года самолет был принят на вооружение под обозначением Ил-10. Серийное производство началось на авиационных заводах №1 и №18 и продолжалось до 1955 года, при этом всего было построено около 4600 экземпляров в СССР и еще несколько тысяч по лицензии в Чехословакии под обозначением B-33.\r\n\r\nОписание Ил-10 отражает его эволюцию по сравнению с Ил-2. При внешнем сходстве это был совершенно новый самолет. Цельнометаллическая конструкция планера позволила снизить вес и повысить прочность. Аэродинамика была значительно улучшена: самолет получил более обтекаемые формы, полностью убирающееся шасси с хвостовым колесом и закрытый фонарь кабины. Силовая установка состояла из более мощного поршневого двигателя АМ-42 взлетной мощностью 2000 л.с., который позволял развивать скорость до 551 км/ч на высоте 2800 метров, что было на 130-140 км/ч больше, чем у Ил-2. Бронирование было пересмотрено и оптимизировано: сохранившаяся бронекапсула, интегрированная в конструкцию, теперь лучше защищала экипаж из двух человек (летчика и воздушного стрелка), а также двигатель и топливные баки. Вооружение Ил-10 было еще более мощным, чем у его предшественника. В консолях крыла устанавливались четыре 23-мм автоматические пушки НС-23 (вместо двух на Ил-2) или две 23-мм пушки и две 37-мм пушки Н-37 для борьбы с тяжелобронированными целями. Кроме того, имелся один оборонительный 20-мм пулемет УБ-20 или 12,7-мм УБТ в кабине стрелка для защиты задней полусферы. Бомбовая нагрузка возросла до 600 кг в нормальном варианте и до 1000 кг в перегрузочном (против 400-600 кг у Ил-2), при этом самолет мог нести как обычные фугасные и осколочные бомбы, так и противотанковые кумулятивные бомбы ПТАБ. Также на двух узлах подвески под крылом можно было разместить восемь реактивных снарядов РС-82 или РС-132. Несмотря на то, что Ил-10 не успел массово принять участие в боях Великой Отечественной войны (первые полки начали перевооружаться на него весной 1945 года), он успел провести несколько боевых вылетов в последние недели войны, в том числе при штурме Берлина. После войны Ил-10 стал основным штурмовиком ВВС СССР и стран Варшавского Договора на долгие годы, активно применяясь в ходе Корейской войны с 1950 по 1953 год, где воевал с американскими истребителями и показал себя грозной силой, хотя и понес значительные потери от более современных реактивных самолетов. Эксплуатация Ил-10 в советской авиации продолжалась до середины 1950-х годов, когда на смену поршневым штурмовикам пришли реактивные самолеты, такие как МиГ-15бис и специализированный Ил-40. Таким образом, Ил-10 стал последним массовым поршневым штурмовиком в мире, завершившим эпоху классических бронированных \"летающих танков\", концепцию которых так блестяще разработало ОКБ Ильюшина.', 'Ил-10', '40', '1', '26', '1', '8', '44', '12', NULL, '2025-10-23 20:15:50');
INSERT INTO `Vehicle` (`ID`, `History`, `Name`, `Weapon_ID`, `Type_ID`, `War_ID`, `Country_ID`, `Class_ID`, `Service_ID`, `Generation_ID`, `Created_By`, `Created_At`) VALUES ('53', 'Самолет Су-25, известный под прозвищем «Грач» и в NATO кодифицированный как Frogfoot, является советским и российским штурмовиком, предназначенным для непосредственной поддержки сухопутных войск над полем боя. Его история началась в начале 1960-х годов, когда опыт локальных конфликтов, особенно во Вьетнаме, показал острую необходимость в специализированном, хорошо защищенном, маневренном и простом в обслуживании самолете-штурмовике, способном работать в условиях сильного противодействия ПВО. В СССР был объявлен конкурс, в котором победу одержало ОКБ Павла Осиповича Сухого с проектом Т-8. Работа шла сложно, проект несколько раз оказывался под угрозой закрытия, но persistence главного конструктора и понимание военными необходимости такой машины позволили продолжить разработку. Первый полет опытного самолета состоялся 22 февраля 1975 года с летчиком-испытателем Владимиром Ильюшиным. После длительных и интенсивных государственных испытаний, которые включали в себя реальные боевые испытания в Афганистане, 30 марта 1981 года самолет был официально принят на вооружение под обозначением Су-25.\r\n\r\nОписание Су-25 строится вокруг его главной задачи – выживаемости при работе над полем боя. Это дозвуковой цельнометаллический свободнонесущий моноплан с высоким расположением трапециевидного крыла, что обеспечивает ему отличную маневренность на малых скоростях. Конструкция планера рассчитана на значительные боевые повреждения. Самой известной особенностью является его бронезащита: кабина пилота представляет собой сварную титановую «ванну» толщиной от 10 до 24 мм, способную выдержать попадание снарядов калибром до 20 мм. Лобовое стекло кабины – силикатное бронестекло толщиной 65 мм. Также броней прикрыты важнейшие узлы и системы, включая топливные баки, которые прорезинены для самозатягивания при простреле. Силовая установка состоит из двух двухконтурных турбореактивных двигателей Р-95Ш, размещенных в отдельных мотогондолах по бокам фюзеляжа. Это решение, в отличие от одного двигателя у А-10, повышает живучесть – самолет может продолжать полет и выполнять задание на одном двигателе. Двигатели специально разработаны для устойчивой работы на малых высотах и обладают повышенной защищенностью от пожаров. Вооружение Су-25 невероятно разнообразно и размещается на десяти точках подвески под крылом. Основным и самым узнаваемым оружием является 30-миллиметровая двуствольная автоматическая авиационная пушка ГШ-30-2, установленная в нижней левой части фюзеляжа и способная эффективно поражать легкобронированную технику и укрепления. Штурмовик может нести до 4,4 тонн боевой нагрузки, включая весь спектр авиационных средств поражения: свободнопадающие и корректируемые авиабомбы различного калибра, блоки неуправляемых авиационных ракет С-5, С-8, С-13 и С-25, управляемые ракеты «воздух-земля» Х-25МЛ и Х-29Л, а также ракеты «воздух-воздух» Р-60 для самообороны от вражеских истребителей. Для наведения высокоточного оружия используется лазерный дальномер-целеуказатель. Боевое применение Су-25 началось в Афганистане, где он сразу зарекомендовал себя как высокоэффективный и чрезвычайно живучий самолет, способный возвращаться на базу с серьезными повреждениями. С тех пор «Грачи» участвовали практически во всех вооруженных конфликтах на постсоветском пространстве и за его пределами: в Ираке, в Анголе, в обеих Чеченских кампаниях, в войне в Грузии в 2008 году, и, что особенно масштабно, в конфликте в Сирии и в ходе специальной военной операции на Украине. За время службы самолет неоднократно модернизировался, были созданы модификации Су-25СМ с обновленной авионикой, Су-25Т и Су-25ТМ для борьбы с танками, а также палубный Су-25УТГ. Су-25 остается основным штурмовиком ВКС России, продолжая развиваться и доказывать свою незаменимость в условиях современного поля боя, став достойным преемником легендарного Ил-2.', 'Су-25', '17', '1', '15', '1', '8', '26', '12', NULL, '2025-10-23 20:15:50');
INSERT INTO `Vehicle` (`ID`, `History`, `Name`, `Weapon_ID`, `Type_ID`, `War_ID`, `Country_ID`, `Class_ID`, `Service_ID`, `Generation_ID`, `Created_By`, `Created_At`) VALUES ('54', 'Самолет Су-7 стал первым советским серийным истребителем-бомбардировщиком со стреловидным крылом разработанным в ОКБ Павла Сухого Работы над созданием фронтового истребителя со стреловидным крылом начались в конце 1940-х годов когда советские конструкторы осознали необходимость догнать зарубежные разработки в области аэродинамики Первый полет опытного образца С-1 состоялся 7 сентября 1955 года с летчиком-испытателем Анатолием Козновым за штурвалом После успешных испытаний и доводок в 1959 году самолет был принят на вооружение под обозначением Су-7 и стал массово поступать в части советских ВВС\r\n\r\nКонструктивно Су-7 представлял собой однодвигательный среднеплан со стреловидным крылом 60 градусов и цельнометаллической конструкцией Фюзеляж выполнен по правилу площадей для уменьшения волнового сопротивления на трансзвуковых скоростях Силовая установка состояла из турбореактивного двигателя АЛ-7Ф конструкции Архипа Люльки с форсажной камерой который обеспечивал скорость до 2170 км/ч на высоте что соответствовало числу Маха 2 0 Практический потолок составлял 19100 метров Вооружение самолета включало две 30-мм пушки НР-30 с боезапасом по 70 патронов на каждую а также узлы подвески для различного вооружения включая неуправляемые ракеты и авиабомбы общим весом до 2000 кг\r\n\r\nОсобенностью Су-7 была его простая и надежная конструкция однако самолет имел и существенные недостатки главным из которых была высокая посадочная скорость около 340-360 км/ч и большая длина разбега что требовало хорошо подготовленных бетонированных взлетно-посадочных полос Это ограничивало его базирование и применение с полевых аэродромов Тем не менее Су-7 стал важным этапом в развитии советской авиации и послужил основой для создания более совершенных модификаций включая истребитель-бомбардировщик Су-7Б который мог нести тактическое ядерное оружие и имел улучшенное оборудование для действий по наземным целям\r\n\r\nСу-7 и его модификации состояли на вооружении не только СССР но и поставлялись в страны Варшавского Договора и другие дружественные государства включая Индию Египет и Сирию Самолет применялся в нескольких вооруженных конфликтах наиболее активно во время индо-пакистанской войны 1971 года где показал себя эффективным ударным самолетом Несмотря на постепенное снятие с вооружения в 1980-х годах Су-7 оставил значительный след в истории авиации став одним из символов советской военной мощи 1960-1970-х годов и заложив основу для дальнейшего развития самолетов марки Сухого', 'Су-7', '41', '1', NULL, '1', '8', '45', '13', NULL, '2025-10-23 20:15:50');
INSERT INTO `Vehicle` (`ID`, `History`, `Name`, `Weapon_ID`, `Type_ID`, `War_ID`, `Country_ID`, `Class_ID`, `Service_ID`, `Generation_ID`, `Created_By`, `Created_At`) VALUES ('55', 'ПТ-76 советский легкий плавающий танк стал одним из самых массовых и известных представителей этого класса бронетехники в мире после Второй мировой войны Его история началась в конце 1940-х годов когда советской армии потребовался новый современный плавающий танк для разведки преодоления водных преград в боевых порядках и поддержки частей на пересеченной местности Работы над ним велись в конструкторском бюро под руководством Жозефа Котина и в конкурентном КБ под руководством Александра Морозова в итоге победу одержал проект объекта 740 инженера Котина который и был принят на вооружение в 1951 году под индексом ПТ-76 буквы означали Плавающий Танк с калибром орудия 76 мм При его создании был учтен как отечественный опыт строительства таких машин так и трофейные немецкие наработки Конструкторам удалось создать удачную и сбалансированную машину с просторным водоизмещающим корпусом обеспечивающим хорошую плавучесть Для движения на воде использовался традиционный для советских плавающих танков способ водометный движитель который показал высокую надежность и эффективность вода засасывалась через отверстие в днище и с силой выбрасывалась через кормовые окна что придавало танку скорость на плаву до 10 км ч а управление на воде осуществлялось поворотными заслонками этих окон Танк имел классическую компоновку с отделением управления в носовой части боевым в средней и моторно-трансмиссионным в корме Экипаж состоял из трех человек командира который также выполнял функции наводчика заряжающего и механика-водителя Главным вооружением ПТ-76 стала 76-мм нарезная пушка Д-56Т с дульным тормозом для уменьшения отдачи позже ее модифицировали до версии Д-56ТМ уже без тормоза и стабилизировали в двух плоскостях на модификации ПТ-76Б Спаренный с ней 7 62-мм пулемет СГМТ составлял вспомогательное вооружение Боекомплект орудия составлял 40 выстрелов что для легкого танка было вполне достаточно Бронезащита ПТ-76 была противопульной лобовая часть корпуса имела толщину до 13 мм под большими углами наклона что защищало от пуль и осколков но делало танк уязвимым для любых противотанковых средств даже крупнокалиберных пулеметов что было платой за плавучесть и легкость Силовой установкой служил шестицилиндровый дизельный двигатель В-6 мощностью 240 лошадиных сил который позволял 14-тонной машине развивать на суше скорость до 44 км ч что для разведывательной машины было вполне приемлемо Ходовая часть с шестью обрезиненными опорными катками на борт и крупнозвенчатой гусеницей обеспечивала хорошую проходимость по мягким грунтам Танк ПТ-76 активно экспортировался и применялся в многочисленных конфликтах Холодной войны включая Вьетнамскую войну где он благодаря своей способности неожиданно появляться из рек и каналов был грозным оружием для американских и южновьетнамских войск а также участвовал в арабо-израильских конфликтах и индо-пакистанских войнах Всего с 1951 по 1967 год было выпущено около 12 тысяч единиц ПТ-76 различных модификаций которые состояли на вооружении более чем 40 стран Несмотря на слабое бронирование ПТ-76 ценился за свою уникальную плавучесть простоту в обслуживании и надежность Он долгое время оставался основным разведывательным танком стран Варшавского Договора и СССР а на его базе было создано огромное количество другой техники включая боевую машину пехоты БМП-1 бронетранспортер БТР-50 и самоходную артиллерийскую установку АСУ-85 что свидетельствует о удачности и адаптивности его базовой конструкции Таким образом ПТ-76 вошел в историю как один из самых успешных и широко используемых плавающих танков определив развитие этого класса боевых машин на десятилетия вперед.', 'ПТ-76', '42', '2', '24', '1', '1', '46', '14', NULL, '2025-10-23 20:15:50');
INSERT INTO `Vehicle` (`ID`, `History`, `Name`, `Weapon_ID`, `Type_ID`, `War_ID`, `Country_ID`, `Class_ID`, `Service_ID`, `Generation_ID`, `Created_By`, `Created_At`) VALUES ('56', 'Лёгкий танк M3 «Стюарт» является одним из самых узнаваемых и массовых танков периода Второй мировой войны его история началась в конце 1930-х годов как развитие предыдущих американских лёгких танков серии M2 однако решающим толчком послужил анализ начавшейся войны в Европе который показал что существующие машины имеют слабое бронирование и вооружение новый танк разработанный на фирме American Car & Foundry изначально получил обозначение Light Tank M3 и был принят на вооружение в 1941 году а своё название «Стюарт» в честь генерала-кавалериста Гражданской войны в США он получил в британской армии которая стала его крупнейшим получателем по программе ленд-лиза Конструктивно M3 унаследовал от M2 компоновку с задним расположением двигателя и передним трансмиссии но имел полностью переработанный корпус который теперь собирался на заклёпках из катаных бронелистов хотя на поздних сериях перешли к сварке что ускоряло производство и экономило вес бронезащита лба корпуса достигала 38-45 мм что для лёгкого танка на тот момент было весьма серьёзно а общая масса машины составляла около 12,7 тонн Главным вооружением «Стюарта» являлась 37-мм нарезная пушка M6 в спаренной установке с 7,62-мм пулемётом Browning M1919A4 ещё два-три пулемёта устанавливались в бортовых спонсонах и для зенитной обороны что однако было избыточно и на модификации M3A1 от них отказались силовой установкой служил авиационный звездообразный семицилиндровый карбюраторный двигатель Continental W-670-9A мощностью 250 лошадиных сил который разгонял танк по шоссе до 58 км/ч что обеспечивало ему прекрасную подвижность и манёвренность ходовая часть с вертикальными буферными пружинами и четырьмя опорными катками на борт стала визитной карточкой танка обеспечивая ему плавный ход но впоследствии её сочли устаревшей из-за ограничения скорости на бездорожье «Стюарт» дебютировал в боях в Северной Африке в ноябре 1941 года в составе британской 8-й армии где был высоко оценен за свою надёжность скорость и живучесть по сравнению с британскими и итальянскими лёгкими танками однако к 1942-1943 году его 37-мм пушка уже не могла эффективно бороться с новыми немецкими средними танками а довольно тесная башня рассчитанная на трёх человек экипаж состоял из командира наводчика водителя и помощника водителя который также выполнял функции стрелка из курсовых пулемётов сильно ограничивала боевую эффективность несмотря на это M3 стал основным разведывательным танком союзников и производился в огромных количествах как в базовой версии M3 так и в модификациях M3A1 со сварным корпусом и новой башней без командирской башенки и M3A3 с сильно переработанным наклонным корпусом всего было выпущено более 25 тысяч машин этого типа помимо США и Великобритании «Стюарт» поставлялся в СССР по ленд-лизу где однако получил сдержанные отзывы из-за слабого для 1942-1943 годов основного орудия низкой проходимости по снегу и грязи и высокого расхода топлива после Второй мировой войны M3 «Стюарт» продолжил службу в армиях десятков стран по всему миру и принимал участие в многочисленных локальных конфликтах включая войну в Корее и во Вьетнаме где его использовали обе стороны а также арабо-израильские войны таким образом M3 «Стюарт» заслужил репутацию надёжной и простой в обслуживании машины которая несмотря на свои недостатки сыграла важную роль на ранних этапах Второй мировой войны и стала символом американской бронетанковой мощи того периода.', 'М3 \"Стюарт\"', '43', '2', '27', '3', '1', '47', '14', NULL, '2025-10-23 20:15:50');
INSERT INTO `Vehicle` (`ID`, `History`, `Name`, `Weapon_ID`, `Type_ID`, `War_ID`, `Country_ID`, `Class_ID`, `Service_ID`, `Generation_ID`, `Created_By`, `Created_At`) VALUES ('57', 'Type 62 представляет собой китайский лёгкий танк разработка которого была начата в конце 1950-х годов и принят на вооружение НОАК в 1962 году откуда и получил свой индекс он является прямым развитием и уменьшенной версией среднего танка советского производства Т-54А который выпускался в Китае как Type 59 необходимость в такой машине была продиктована опытом потенциальных локальных конфликтов на пересечённой холмистой местности Юго-Восточной Азии где более тяжёлые Type 59 и Т-54 оказывались слишком большими неповоротливыми и уязвимыми для партизанской войны при этом их мощное вооружение и броня были избыточны для таких условий в результате конструкторы завода №674 получили задание создать облегчённый танк сохранивший основные черты Type 59 но с уменьшенной массой и габаритами что значительно улучшило бы его подвижность и приспособленность к действиям в джунглях горах и на рисовых полях по своей компоновке Type 62 полностью повторяет советский прототип это классическая схема с отделением управления в лобовой части боевым отделением в средней и моторно-трансмиссионным в корме однако все его компоненты стали меньше и легче боевая масса машины составила около 21 тонны по сравнению с 36 тоннами у Type 59 что было достигнуто за счёт значительного уменьшения толщины бронирования так лобовая броня башни и корпуса не превышала 50 мм а борта и корма были и того тоньше что делало танк уязвимым для практически любых противотанковых средств того времени но позволяло свободно двигаться по слабым мостам и труднопроходимой местности главным калибром Type 62 стала 85-мм нарезная пушка Type 62-85TC которая была баллистически аналогична орудию танка Т-34-85 и могла эффективно бороться с лёгкой бронетехникой и полевыми укреплениями но была уже недостаточна против современных на тот момент основных боевых танков вспомогательное вооружение включало спаренный 7 62-мм пулемёт Type 59T и зенитный 12 7-мм пулемёт Type 54 на башне силовая установка состояла из дизельного двигателя V-12 жидкостного охлаждения мощностью 430 лошадиных сил что при массе в 21 тонну давало ему отличную удельную мощность и скорость по шоссе до 60 км/ч экипаж танка состоял из четырёх человек командира наводчика заряжающего и механика-водителя Type 62 был запущен в массовое производство и стал основным лёгким танком НОАК его боевым крещением стала война во Вьетнаме где он использовался северовьетнамской армией а также принял участие в китайско-вьетнамской войне 1979 года где его слабое бронирование привело к значительным потерям от огня вьетнамских танков Т-54 и ПТ-74 что выявило его полную устарелость для противотанковой борьбы несмотря на это Type 62 выпускался до 1988 года в нескольких модификациях включая командирский вариант Type 62G с улучшенной бронёй и новой 105-мм пушкой и состоял на вооружении Китая и ряда других стран таких как Албания КНДР Танзания и Судан где применялся в различных локальных конфликтах вплоть до начала XXI века его главными достоинствами считались дешевизна простота в обслуживании и исключительная подвижность в сложных географических условиях что делало его узкоспециализированной но востребованной машиной для определённых театров военных действий.', 'Тип 62', '44', '2', '24', '5', '1', '48', '14', NULL, '2025-10-23 20:15:50');
INSERT INTO `Vehicle` (`ID`, `History`, `Name`, `Weapon_ID`, `Type_ID`, `War_ID`, `Country_ID`, `Class_ID`, `Service_ID`, `Generation_ID`, `Created_By`, `Created_At`) VALUES ('58', 'Средний танк Т-54 является одним из самых знаковых и массовых танков в истории мирового танкостроения его разработка была начата в конце Великой Отечественной войны в конструкторском бюро Нижнетагильского завода №183 под руководством Александра Морозова как глубокая модернизация танка Т-44 и прямой наследник линейки Т-34 новая машина должна была устранить главные недостатки предшественников прежде всего недостаточную защищённость и огневую мощь прототип был создан в 1945 году и после продолжительных испытаний и доработок танк был принят на вооружение Советской Армии в 1947 году став основным боевым танком на десятилетия вперёд конструктивно Т-54 сохранил классическую схему с задним расположением двигателя и трансмиссии но был полностью новым по сравнению с Т-44 его главной особенностью стала совершенно новая полусферическая литая башня обтекаемой формы с большим погоном и толщиной лобовой брони до 200 мм что делало её чрезвычайно сложной целью для большинства противотанковых орудий того времени главным вооружением танка стала мощная 100-мм нарезная пушка Д-10Т которая по бронепробиваемо значительно превосходила как советскую 85-мм пушку так и американскую 90-мм орудие что давало Т-54 существенное преимущество на поле боя вспомогательное вооружение первоначально состояло из двух 7 62-мм пулемётов СГМТ один спаренный с пушкой другой курсовой и 12 7-мм зенитного пулемёта ДШК на башне однако конфигурация неоднократно менялась в ходе производства например на модификации Т-54А курсовой пулемёт был убран что позволило увеличить боекомплект к орудию бронекорпус Т-54 имел рациональные углы наклона бронелистов и дифференцированную толщину бронирования что в сочетании с компактными размерами и низким силуэтом делало танк очень сложной мишенью для поражения силовой установкой служил дизельный двигатель В-54 мощностью 520 лошадиных сил который разгонял боевую машину массой около 36 тонн до скорости 50 км/ч по шоссе ходовая часть с торсионной подвеской и пятью опорными катками на борт обеспечивала хорошую проходимость танк непрерывно модернизировался были созданы модификации Т-54А с стабилизатором вооружения в вертикальной плоскости и эжектором для продувки ствола Т-54Б с двухплоскостным стабилизатором и ночным оборудованием что стало основой для создания следующего танка Т-55 Т-54 производился в СССР с 1947 по 1959 год а также по лицензии в нескольких странах соцлагеря например в Польше Китае где он был известен как Type 59 и Чехословакии общее количество выпущенных машин всех модификаций оценивается в 35-50 тысяч что делает его одним из самых массовых танков когда-либо созданных он состоял на вооружении более чем 60 стран мира и принял участие в бесчисленном количестве вооружённых конфликтов Холодной войны и последующих лет начиная от Суэцкого кризиса 1956 года и венгерского восстания 1956 года через Шестидневную войну 1967 года войну во Вьетнаме где воевали как американские трофейные Т-54 так и северовьетнамские машины и заканчивая ирано-иракской войной и войнами на территории бывшей Югославии в 1990-х годах несмотря на появление более современных танков Т-54 оставался грозной силой на поле боя вплоть до конца XX века а в армиях некоторых стран бедных регионов он до сих пор находится в строю что является свидетельством его выдающейся конструкции надёжности и ремонтопригодности заложенных при его создании.', 'Т-54', '45', '2', '15', '1', '1', '49', '15', NULL, '2025-10-23 20:15:50');
INSERT INTO `Vehicle` (`ID`, `History`, `Name`, `Weapon_ID`, `Type_ID`, `War_ID`, `Country_ID`, `Class_ID`, `Service_ID`, `Generation_ID`, `Created_By`, `Created_At`) VALUES ('59', 'Т-14 «Армата» представляет собой российский основной боевой танк третьего поколения (по российской классификации — танк четвертого поколения) который стал одной из самых обсуждаемых и революционных боевых машин начала XXI века его разработка велась в рамках масштабной программы унификации бронетехники на единой тяжелой гусеничной платформе «Армата» в конструкторском бюро Уралвагонзавода в Нижнем Тагиле работа над платформой началась еще в 2000-х годах но активная фаза стартовала после 2009 года а впервые танк был представлен широкой публике на параде Победы в Москве в 2015 году где произвел эффект разорвавшейся бомбы благодаря своей радикально новой компоновке главной особенностью Т-14 является необитаемая башня весь экипаж танка consisting из трех человек командира наводчика и механика-водителя размещен в изолированной бронекапсуле в носовой части корпуса это кардинально повышает выживаемость экипажа так как наиболее вероятное попадание в область башни не приведет к потере экипажа основным вооружением «Арматы» является 125-мм гладкоствольная пушка 2А82-1М которая по заявлениям разработчиков обладает на 15-20% большей дульной энергией чем лучшие зарубежные аналоги например немецкая Rh-120 пушка установлена в необитаемом боевом отделении и снабжена автоматом заряжания боекомплект составляет 45 выстрелов 32 из которых находятся в автомате заряжания и еще 13 в укладках внутри корпуса важной особенностью является возможность установки в перспективе более мощной 152-мм пушки 2А83 что является беспрецедентным калибром для современных основных танков вспомогательное вооружение включает дистанционно управляемый боевой модуль с 7 62-мм пулеметом «Корд» и 12 7-мм пулеметом «Корд» для борьбы с легкими целями и низколетящими воздушными целями однако главным преимуществом Т-14 считается его комплексная защита танк оснащен многослойной комбинированной броней в лобовой проекции а также активной защитой нового поколения «Афганит» которая по данным разработчиков способна перехватывать не только противотанковые ракеты но и подкалиберные снаряды кроме того танк имеет систему оптико-электронного подавления «Шторм-2» для создания помех системам наведения ПТУР и защиты от высокоточного оружия силовая установка представляет собой дизельный двигатель А-85-3А (Х-образная схема) мощностью 1500 лошадиных сил что в паре с автоматической трансмиссией обеспечивает многотонную машине массой около 55 тонн высокую удельную мощность и подвижность несмотря на официальное принятие на вооружение в 2023 году история Т-14 омрачена многочисленными проблемами в первую очередь связанными с чрезвычайно высокой стоимостью машины сложностью производства и доводки электроники и систем активной защиты что привело к неоднократным переносам сроков и сокращению планов по крупносерийным закупкам по состоянию на 2024-2025 год в войсках находится лишь ограниченное количество предсерийных машин которые проходят испытания в условиях реальных боевых действий на Украине однако масштабное развертывание пока не начато таким образом Т-14 «Армата» безусловно представляет собой смелый технологический прорыв и попытку задать новые стандарты в танкостроении но его реальная боевая эффективность и будущее в войсках остаются предметом жарких споров и будут зависеть от успешного преодоления текущих производственных и технических вызовов.', 'Т-14 \"Армата\"', '46', '2', NULL, '2', '1', '50', '15', NULL, '2025-10-23 20:15:50');
INSERT INTO `Vehicle` (`ID`, `History`, `Name`, `Weapon_ID`, `Type_ID`, `War_ID`, `Country_ID`, `Class_ID`, `Service_ID`, `Generation_ID`, `Created_By`, `Created_At`) VALUES ('60', 'M1 «Абрамс» является основным боевым танком Соединенных Штатов Америки и одним из самых узнаваемых символов современной бронетанковой мощи его история началась в 1970-х годах когда армии США потребовалась замена устаревшим танкам M60 «Паттон» которые уже не могли на равных конкурировать с новейшими советскими Т-64 и Т-72 разработка новой машины велась в условиях жесткой конкуренции между американскими и западногерманскими инженерами изначально рассматривался вариант адаптации немецкого танка «Леопард-2» но в итоге был выбран проект компании Chrysler Defense который в 1980 году был принят на вооружение под индексом M1 и получил название «Абрамс» в честь генерала Крейтона Абрамса бывшего начальника штаба армии США танк получился революционным для американского танкостроения он впервые получил газотурбинный двигатель многослойную броню и полностью цифровую систему управления огнем силовая установка M1 представляет собой газотурбинный двигатель Textron Lycoming AGT-1500 мощностью 1500 лошадиных сил который обеспечивает танку массой около 55 тонн выдающуюся подвижность и скорость до 67 км/ч по шоссе при этом двигатель может работать на авиационном керосине дизельном топливе и бензине что упрощает логистику однако его главными недостатками являются высокий расход топлива и чувствительность к пыли что потребовало установки мощных воздушных фильтров главным калибром первых модификаций M1 и M1IP стала 105-мм нарезная пушка M68 которая была стандартом НАТО но с появлением в 1985 году модификации M1A1 танк получил мощную 120-мм гладкоствольную пушку немецкой разработки Rh-120 производства компании Rheinmetall что сделало его равным по огневой мощи новейшим советским танкам и немецкому «Леопард-2» бронезащита «Абрамса» всегда была его сильной стороной с самого начала он имел многослойную броню британской разработки под кодовым названием «Бёрлингтон» а на модификации M1A1 была введена броня с включением обедненного урана которая обеспечивала беспрецедентный уровень защиты в лобовой проекции что было подтверждено в ходе войны в Персидском заливе когда иракские танки Т-72 не могли пробить лобовую броню «Абрамсов» с любой дистанции при этом сами «Абрамсы» поражали иракские танки с расстояния превышающего 2500 метров экипаж танка состоит из четырех человек командира наводчика заряжающего и механика-водителя M1 «Абрамс» постоянно модернизировался были созданы модификации M1A1 SA с улучшенной системой управления огнем M1A2 с полностью цифровой архитектурой независимым тепловизором командира и системой обмена данными в режиме реального времени а также M1A2 SEP v2 и v3 с еще более совершенной электроникой средствами защиты от самодельных взрывных устройств и новыми прицельными комплексами танк прошел боевое крещение в войне в Персидском заливе в 1991 году где зарекомендовал себя как абсолютно доминирующая машина на поле боя безвозвратные потери составили лишь 18 машин в основном от дружественного огня затем он применялся в ходе миротворческих операций в Боснии Косово а также в Ираке и Афганистане где доказал свою высокую живучесть и защищенность от самодельных взрывных устройств и засад в настоящее время M1 «Абрамс» состоит на вооружении армии США и еще более десятка стран включая Египет Австралию Польшу и Украину и остается одним из самых мощных и сбалансированных основных боевых танков в мире чему способствует постоянная программа его модернизации направленная на усиление бронирования установку активных систем защиты и интеграцию новейших цифровых технологий.', 'М1 \\\"Абрамс\\\"', '47', '2', '15', '3', '1', '26', '15', NULL, '2025-10-23 20:15:50');
INSERT INTO `Vehicle` (`ID`, `History`, `Name`, `Weapon_ID`, `Type_ID`, `War_ID`, `Country_ID`, `Class_ID`, `Service_ID`, `Generation_ID`, `Created_By`, `Created_At`) VALUES ('61', 'Тяжелый танк ИС-3 стал одним из самых узнаваемых символов советской бронетанковой мощи завершающего этапа Второй мировой войны и послевоенного периода его разработка была начата в 1944 году в конструкторском бюро Челябинского Кировского завода под руководством Михаила Балжи и при непосредственном участии Николая Духова как глубокая модернизация танка ИС-2 целью было создание машины с максимально возможной уровнем противоснарядной защиты особенно в лобовой проекции которая бы свела на нет эффективность немецких 88-мм танковых и зенитных пушек именно этим задачам была полностью подчинена новаторская конструкция танка главной особенностью ИС-3 стал его уникальный и легкоузнаваемый силуэт прежде всего литой корпус собранный по схеме щучий нос из двух сходящихся клином бронелистов толщиной 110 мм расположенных под большими углами наклона что создавало исключительно высокую стойкость против лобовых попаданий а также приплюснутая полусферическая обтекаемая башня каплевидной формы также литая с толщиной лобовой брони до 250 мм которая впервые в мировом танкостроении не имела выраженной маски орудия и была лишена застреливаемых зон эта башня получила неофициальное название «сковорода» и стала прообразом для всех послевоенных советских танков вплоть до Т-64 вооружение танка осталось прежним по сравнению с ИС-2 это была проверенная в боях 122-мм нарезная пушка Д-25Т образца 1943 года с дульным тормозом щелевого типа спаренная с 7 62-мм пулеметом ДТ а на крыше башни устанавливался 12 7-мм зенитный пулемет ДШК силовой установкой служил дизельный двигатель В-11-ИС-3 мощностью 520 лошадиных сил который разгонял 46-тонную машину до скорости 40 км/ч ходовая часть с торсионной подвеской и большими опорными катками обеспечивала достаточную плавность хода однако танк унаследовал и некоторые недостатки предшественника прежде очередь низкую скорострельность всего 2-3 выстрела в минуту из-за раздельно-гильзового заряжания и малый возимый боекомплект 28 выстрелов что было платой за мощное орудие ИС-3 был принят на вооружение в марте 1945 года и запущен в серийное производство однако в боях против Германии он принять участия не успел его массовое производство развернулось уже после Победы и продолжалось до середины 1946 года всего было выпущено около 2300 машин его поистине звездным часом стал парад союзных войск в Берлине 7 сентября 1945 года где 52 новейших советских танка произвели ошеломляющее впечатление на западных военных специалистов продемонстрировав огромный качественный скачок советского танкостроения на протяжении 1950-х годов ИС-3 составлял основу ударной мощи советских тяжелых танковых дивизий и активно поставлялся союзникам однако его боевая служба выявила ряд серьезных конструктивных и производственных недостатков прежде всего низкую надежность двигателя и трансмиссии а также проблемы с прочностью корпуса в районе сварного шва в лобовой части в результате чего в конце 1950-х годов все танки прошли капитальную модернизацию и получили индекс ИС-3М в таком виде они оставались на вооружении вплоть до 1990-х годов реальное боевое применение ИС-3 было достаточно ограниченным он использовался египетской армией во время Суэцкого кризиса 1956 года и особенно в ходе Шестидневной войны 1967 года где однако понес тяжелые потери от более современных израильских танков M48 и Центурион а также от авиации что выявило его полную устарелость в условиях высокоманевренного боя несмотря на это ИС-3 навсегда вошел в историю как этапная машина оказавшая значительное влияние на послевоенное танкостроение как в СССР так и на Западе и ставшая грозным символом начала Холодной войны.', 'ИС-3', '48', '2', '28', '1', '1', '51', '16', NULL, '2025-10-23 20:15:50');
INSERT INTO `Vehicle` (`ID`, `History`, `Name`, `Weapon_ID`, `Type_ID`, `War_ID`, `Country_ID`, `Class_ID`, `Service_ID`, `Generation_ID`, `Created_By`, `Created_At`) VALUES ('62', 'Т-10, известный также под заводским индексом Объект 730, стал последним принятым на вооружение тяжелым танком в истории Советского Союза и завершил собой линию развития машин типа ИС его разработка началась в конце 1940-х годов в ленинградском КБ под руководством Жозефа Котина как глубокая модернизация танка ИС-3 и дальнейшее развитие проекта ИС-8 целью было создание надежной и хорошо вооруженной машины лишенной тех недостатков которые преследовали его предшественников ИС-3 и ИС-4 после продолжительных испытаний и ряда доработок инициированных лично Иосифом Сталиным танк был принят на вооружение в 1953 году под обозначением ИС-8 но сразу после смерти вождя был в декабре того же года переименован в Т-10 что позволило ему выйти из тени печально известной серии ИС и начать собственную легендарную службу конструктивно Т-10 сохранил классическую компоновку с задним расположением двигателя и трансмиссии но его корпус был значительно удлинен по сравнению с ИС-3 и имел характерный щучий нос состоящий уже из трех сходящихся бронелистов что улучшало защиту башня была новой литой обтекаемой формы с увеличенным погоном и толщиной лобовой брони до 250 мм главным вооружением танка стала усовершенствованная 122-мм нарезная пушка М-62-Т2 с щелевым дульным тормозом которая обладала большей точностью и дульной энергией по сравнению с предыдущей Д-25Т что позволило эффективно бороться с новейшими западными танками того периода такими как американский М103 и британский Конкерор однако скорострельность оставалась невысокой 3-4 выстрела в минуту из-за раздельного заряжания а возимый боекомплект составлял 30 выстрелов вспомогательное вооружение включало спаренный 14 5-мм пулемет КПВТ и такой же зенитный пулемет на турели у люка заряжающего что делало его одним из самых мощно вооруженных в своем классе силовая установка состояла из дизельного двигателя В-12-6 мощностью 750 лошадиных сил что в паре с новой трансмиссией и ходовой частью с торсионной подвеской и семью опорными катками на борт обеспечивало 51-тонной машине хорошую удельную мощность и скорость до 50 км/ч по шоссе танк непрерывно модернизировался на протяжении всего производства были созданы модификации Т-10А с стабилизатором вооружения в вертикальной плоскости Т-10Б с двухплоскостным стабилизатором и наконец наиболее массовый и совершенный Т-10М который имел новую пушку М-62-Т2 с более эффективным дульным тормозом и эжектором систему ПАЗ защищающую экипаж от оружия массового поражения и улучшенные приборы ночного видения Т-10 состоял на вооружении Советской Армии с 1953 по 1993 год и хотя он не участвовал в крупномасштабных войнах он был грозной силой и символом мощи тяжелых танковых дивизий являясь их основным тараном на европейском театре военных действий в случае конфликта с НАТО он также поставлялся союзным государствам в частности в Египет и Сирию однако к 1970-м годам с появлением новых основных боевых танков таких как Т-64 и Т-72 концепция тяжелого танка окончательно устарела и Т-10 был переведен в резерв а после распада СССР окончательно снят с вооружения России оставив после себя наследие как последний и самый совершенный советский тяжелый танк.', 'Т-10', '49', '2', '29', '1', '1', '52', '16', NULL, '2025-10-23 20:15:50');
INSERT INTO `Vehicle` (`ID`, `History`, `Name`, `Weapon_ID`, `Type_ID`, `War_ID`, `Country_ID`, `Class_ID`, `Service_ID`, `Generation_ID`, `Created_By`, `Created_At`) VALUES ('63', 'СУ-100 является одной из самых известных и массовых советских самоходных артиллерийских установок периода Великой Отечественной войны и послевоенного времени её разработка была начата осенью 1943 года на Уралмашзаводе в Свердловске под руководством Льва Горлицкого как ответ на появление у вермахта новых тяжелых танков «Тигр» и «Пантера» чья лобовая броня была сложной целью для состоявших на вооружении СУ-85 а также танков Т-34-76 за основу была взята проверенная конструкция корпуса СУ-85 но с существенно усиленным бронированием лобовой части до 75 мм и установкой нового более мощного орудия после испытаний нескольких вариантов была выбрана 100-мм нарезная пушка Д-10С разработанная в КБ завода №9 под руководством Фёдора Петрова которая и стала главным калибром новой самоходки эта пушка обладала выдающейся баллистикой и на дистанции до 1500 метров уверенно пробивала броню всех без исключения немецких танков что делало СУ-100 грозным истребителем танков компоновка СУ-100 была классической для советских средних САУ полностью бронированный боевой отсек располагался в лобовой части корпуса объединяя отделение управления и боевое отделение в одном пространстве силовая установка двигатель и трансмиссия размещались в корме а ведущие колеса были задними экипаж состоял из четырех человек командира наводчика заряжающего и механика-водителя что было на одного человека меньше чем в базовом танке Т-34-85 поскольку от стрелка-радиста отказались а его функции взял на себя командир производство СУ-100 было развернуто в сентябре 1944 года и первые машины поступили в войска в конце того же года боевым крещением для СУ-100 стала Венская наступательная операция в марте 1945 года где они успешно доказали свою высокую эффективность в городских боях и в борьбе с бронетехникой противника всего до конца войны было выпущено около 2335 самоходок этого типа что сделало её второй по массовости советской САУ после СУ-76 однако свою подлинную славу СУ-100 обрела уже после 1945 года её производство продолжалось в СССР до 1948 года а по лицензии в Чехословакии до 1957 года общий выпуск составил не менее 35 тысяч единиц что обеспечило ей невероятно долгую службу в армиях более 40 стран мира она состояла на вооружении Советской Армии до 1957 года а в некоторых странах и значительно дольше СУ-100 принимала участие в бесчисленных послевоенных конфликтах включая Корейскую войну где воевала на стороне КНДР против американских М4 «Шерман» и М26 «Першинг» арабо-израильские войны где состояла на вооружении Египта и Сирии и даже войну во Вьетнаме где использовалась армией Северного Вьетнама в роли штурмового орудия и для борьбы с легкобронированной техникой южан таким образом СУ-100 стала одним из самых успешных и долгоживущих образцов советской бронетехники удачно сочетав в себе мощное вооружение хорошую подвижность и технологичность что и обеспечило ей столь впечатляющую боевую карьеру.', 'СУ-100', '50', '2', '26', '1', '1', '53', '18', NULL, '2025-10-23 20:15:50');
INSERT INTO `Vehicle` (`ID`, `History`, `Name`, `Weapon_ID`, `Type_ID`, `War_ID`, `Country_ID`, `Class_ID`, `Service_ID`, `Generation_ID`, `Created_By`, `Created_At`) VALUES ('64', 'M18 «Хеллкэт» американский истребитель танков периода Второй мировой войны стал одним из самых уникальных и узнаваемых образцов бронетехники благодаря своей феноменальной скорости его разработка началась в 1941 году когда армии США потребовалась высокомобильная противотанковая самоходная установка работа велась компанией Buick Motors Division из концерна General Motors и после испытаний нескольких прототипов в 1943 году машина была принята на вооружение под индексом M18 Gun Motor Carriage главной особенностью и абсолютным рекордом для боевых машин такого класса стала его скорость на испытаниях M18 развивал до 92 км/ч а на службе мог уверенно двигаться со скоростью 80-85 км/ч что было достигнуто за счет легкого бронирования и мощной силовой установки бронелисты корпуса и открытой сверху башни имели толщину всего от 7 мм до 25 мм что защищало лишь от пуль и осколков но делало машину крайне уязвимой для артиллерии и вражеских танков такой подход был сознательным компромиссом в пользу подвижности которая считалась главной защитой истребителя танков основным вооружением M18 стала длинноствольная 76-мм пушка M1 которая на момент своего появления была одним из самых мощных противотанковых орудий в мире и позволяла бороться с большинством немецких танков кроме самых тяжелых на средних и ближних дистанциях пушка устанавливалась в открытой башне кругового вращения что обеспечивало ей значительное тактическое преимущество перед немецкими и советскими САУ с закрытыми рубками боекомплект составлял 45 выстрелов экипаж состоял из пяти человек командира наводчика заряжающего водителя и помощника водителя силовая установка представляла собой радиальный девятицилиндровый карбюраторный двигатель Continental R-975 мощностью 400 лошадиных сил который совместно с торсионной подвеской и легкой ходовой частью и обеспечивал ту самую выдающуюся подвижность производство M18 продолжалось с 1943 по 1944 год всего было выпущено 2507 машин боевым крещением для «Хеллкэта» стала Италия в 1944 году а затем он массово применялся на Западном фронте в Нормандии Арденнах и при наступлении в Германии тактика его применения заключалась в использовании скорости для быстрого маневра и занятия выгодных позиций для внезапных фланговых атак по вражеским танкам после чего следовал столь же быстрый отход на новую позицию чтобы избежать ответного огня эта тактика «ударь-и-беги» оказалась очень эффективной и снискала машине популярность среди экипажей однако слабость бронирования означала что любой ответный попадающий выстрел скорее всего был для M18 фатальным после войны M18 состоял на вооружении армии США до 1950-х годов а также был передан десяткам стран включая Югославию Тайвань и Южный Вьетнам где он успел принять участие в ряде локальных конфликтов таким образом M18 «Хеллкэт» вошел в историю как самый быстрый серийный образец гусеничной бронетехники периода Второй мировой войны воплотив в себе американскую доктрину мобильного и мощного истребителя танков для которого скорость стала главной бронёй.', 'M18 Hellcat', '51', '2', '27', '3', '1', '54', '18', NULL, '2025-10-23 20:15:50');
INSERT INTO `Vehicle` (`ID`, `History`, `Name`, `Weapon_ID`, `Type_ID`, `War_ID`, `Country_ID`, `Class_ID`, `Service_ID`, `Generation_ID`, `Created_By`, `Created_At`) VALUES ('66', 'Зенитный ракетный комплекс С-300В с заводским индексом объект 830 известный под экспортным названием «Антей-2500» является армейским зенитным ракетным комплексом войсковой ПВО и частью масштабной унифицированной системы С-300 его разработка началась в 1970-х годах в недавно созданном Ленинградском НПО «Антей» под руководством генерального конструктора Вениамина Павловича Ефремова как ответ на новые угрозы со стороны НАТО а именно на баллистические ракеты типа «Pershing» и аэродинамические цели крылатые ракеты самолеты тактической авиации в отличие от более известных комплексов С-300П войск ПВО страны которые создавались для обороны стационарных объектов С-300В изначально проектировался для прикрытия сухопутных войск в полевых условиях и обладал высокой мобильностью и автономностью все компоненты комплекса размещены на мощных гусеничных шасси которые обеспечивают высокую проходимость и скорость развертывания всего за 5 минут что критически важно в условиях быстроменяющейся фронтовой обстановки главной особенностью С-300В стала его уникальная для своего времени способность эффективно бороться не только с самолетами и крылатыми ракетами но и с баллистическими ракетами малой и средней дальности что делало его системой ПРО театра военных действий в его составе используются два типа ракет для поражения аэродинамических целей самолетов крылатых ракет применяется ракета 9М83 а для перехвата высокоскоростных баллистических боеголовок используется более тяжелая и дальнобойная ракета 9М82 которая способна поражать цели на дальности до 100 км и на высотах до 40 км что обеспечивает перехват даже на нисходящем участке траектории комплекс имеет многоканальную радиолокационную систему включающую многофункциональную РЛС кругового обзора 9С15 с зоной обзора 360 градусов РЛС секторного обзора 9С19 для обнаружения баллистических целей и несколько станций подсвета и наведения на шесть целей одновременно что позволяет вести стрельбу по групповому налету с высокой плотностью огня на вооружение Советской Армии С-300В был принят в 1988 году и стал основой противоракетной и противовоздушной обороны армейского и фронтового звена его дальнейшим развитием стал экспортный вариант «Антей-2500» с увеличенной до 250 км дальностью поражения аэродинамических целей и улучшенными возможностями по перехвату баллистических ракет С-300В и его модификации поставлялись на экспорт и до сих пор состоят на вооружении России и ряда других стран оставаясь грозным и сбалансированным оружием способным парировать широкий спектр современных угроз от стратегических бомбардировщиков до тактических баллистических ракет.', 'С-300В «Антей-300В»', '53', '2', '21', '1', '2', '24', '19', NULL, '2025-10-23 20:15:50');
INSERT INTO `Vehicle` (`ID`, `History`, `Name`, `Weapon_ID`, `Type_ID`, `War_ID`, `Country_ID`, `Class_ID`, `Service_ID`, `Generation_ID`, `Created_By`, `Created_At`) VALUES ('67', 'Зенитный ракетный комплекс 9К317М «Бук-М3» является новейшим и наиболее совершенным представителем семейства ЗРК «Бук» в войсковой ПВО России который пришел на смену всем предыдущим модификациям включая знаменитый «Бук-М2» его разработка велась в нижегородском ОАО «НИИП имени В В Тихомирова» под руководством генерального конструктора Юрия Белого в 2000-х годах однако широкой публике комплекс был впервые представлен лишь в 2016 году что подчеркивало его стратегическую важность и новизну главной задачей «Бук-М3» стало кардинальное повышение возможностей по отражению массированных налетов высокотехнологичных средств воздушного нападения в условиях интенсивного радиоэлектронного противодействия противника конструктивно комплекс построен по модульному принципу и включает машину управления 9С510М самоходную огневую установку 9А316М станцию обнаружения и целеуказания 9С18М1 и транспортно-заряжающую машину 9Т243М однако ключевым отличием от предшественников стала унификация новая самоходная огневая установка способна самостоятельно обнаруживать сопровождать и обстреливать цели без привязки к другим средствам комплекса что резко повышает живучесть и гибкость боевого применения но главным прорывом стало применение новых зенитных управляемых ракет 9М317М которые размещаются не на пусковых направляющих как раньше а в транспортно-пусковых контейнерах при этом каждая самоходная установка несет не 4 а 6 ракет готовых к пуску а новая ракета получила активную радиолокационную головку самонаведения что означает она сама наводится на цель на конечном участке траектории не требуя подсвета от огневой установки это позволило резко увеличить количество одновременно обстреливаемых целей до 36 по данным производителя а также эффективно поражать цели даже за радиогоризонтом и за пределами прямой видимости дальность действия комплекса составляет по аэродинамическим целям до 70 км по высоте до 35 км а скорость поражаемых целей достигает 3000 м/с что позволяет ему бороться не только со стратегическими бомбардировщиками истребителями-бомбардировщиками и крылатыми ракетами но и с тактическими баллистическими ракетами кроме того «Бук-М3» обладает исключительной помехозащищенностью и может вести огонь в самых сложных условиях радиоэлектронной борьбы принятие на вооружение «Бук-М3» началось в 2016 году и он стал поступать в соединения войсковой ПВО для замены устаревших «Бук-М1» и «Бук-М2» став одним из ключевых элементов создания сплошного зенитного ракетного поля на фронтовом уровне таким образом «Бук-М3» представляет собой эволюционный скачок в развитии семейства доказавшим свою эффективность еще со времен ЗРК «Куб» и является сегодня одним из самых мощных и сбалансированных комплексов средней дальности в мире способным надежно прикрывать войска от всего спектра современных воздушных угроз.', '9K317M «Бук-M3»', '54', '2', NULL, '2', '2', '56', '19', NULL, '2025-10-23 20:15:50');
INSERT INTO `Vehicle` (`ID`, `History`, `Name`, `Weapon_ID`, `Type_ID`, `War_ID`, `Country_ID`, `Class_ID`, `Service_ID`, `Generation_ID`, `Created_By`, `Created_At`) VALUES ('68', 'Зенитный ракетный комплекс 9К33 «Оса» является советским всепогодным зенитным ракетным комплексом ближнего действия предназначенным для прикрытия мотострелковых и танковых дивизий от ударов низколетящих воздушных целей его разработка была начата в 1960 году в соответствии с постановлением Совета Министров СССР и велась в чрезвычайно сложных условиях с жесткой конкуренцией между двумя конструкторскими бюро в итоге победу одержал проект под руководством М М Косичкина из НИИ-20 ГКРЭ который впоследствии стал головным разработчиком главной задачей для нового ЗРК стала борьба с маловысотными целями самолетами вертолетами и крылатыми ракетами которые благодаря развитию радиолокации и тактики стали представлять основную угрозу для сухопутных войск что и определило его ключевые характеристики мобильность автономность и способность обнаруживать цели на фоне земли комплекс был принят на вооружение Советской Армии 4 октября 1971 года и после длительной доводки запущен в серийное производство все боевые средства комплекса размещались на плавающем трехосном колесном шасси БаЗ-5937 с колесной формулой 6х6 что обеспечивало ему высокую подвижность по шоссе и бездорожью а также возможность форсирования водных преград вплавь главной особенностью «Осы» стала ее высокая автономность одна боевая машина 9А33Б совмещала в себе функции обнаружения цели сопровождения наведения ракет и их транспортировки и пуска на одной платформе были размещены радиолокационные средства две пусковые установки с четырьмя зенитными ракетами 9М33 каждая и навигационное оборудование радиотехнический комплекс включал радиолокатор обнаружения целей с круговым обзором и радиолокатор сопровождения целей и наведения ракет что позволяло комплексу работать в любых погодных условиях днем и ночью однако из-за технических сложностей того времени «Оса» не могла одновременно сопровождать несколько целей и вести огонь только по одной что являлось ее главным тактическим недостатком основным вооружением были зенитные управляемые ракеты 9М33 с радиокомандной системой наведения и осколочной боевой частью дальность поражения целей составляла от 2 до 10 км по высоте от 25 метров до 5 км что идеально подходило для перехвата штурмовиков вертолетов и беспилотников на предельно малых высотах за время своей службы комплекс неоднократно модернизировался самой известной модификацией стала «Оса-АК» и «Оса-АКМ» с увеличенной дальностью и лучшей помехозащищенностью «Оса» и ее модификации поставлялись в более чем 40 стран мира и применялись в десятках вооруженных конфликтов включая ирано-иракскую войну войну в Афганистане войны в Персидском заливе и конфликты на постсоветском пространстве где доказали свою высокую эффективность против низколетящих целей несмотря на постепенную замену на более современные комплексы «Тор» и «Панцирь-С1» отдельные образцы «Осы» до сих пор остаются на вооружении армий многих стран что говорит о его удачной конструкции и огромном влиянии на развитие войсковой ПВО.', '9К33 \"Оса\"', '55', '2', '15', '1', '2', '57', '19', NULL, '2025-10-23 20:15:50');
INSERT INTO `Vehicle` (`ID`, `History`, `Name`, `Weapon_ID`, `Type_ID`, `War_ID`, `Country_ID`, `Class_ID`, `Service_ID`, `Generation_ID`, `Created_By`, `Created_At`) VALUES ('69', 'Разработка переносного зенитного ракетного комплекса (ПЗРК) 9К38 «Игла» была начата в КБ машиностроения (Коломна) в 1971 году под руководством главного конструктора Серафима Павловича Непобедимого как замена первому советскому ПЗРК «Стрела-2» и его усовершенствованной версии «Стрела-3» новая система создавалась в условиях жесткой конкуренции с тульским КБ приборостроения которое параллельно работало над своим комплексом «Стрела-3» однако «Игла» изначально проектировалась с более высокими характеристиками что и предопределило ее будущее главной задачей ставилось создание комплекса способного эффективно поражать не только дозвуковые самолеты и вертолеты но и высокоскоростные реактивные самолеты а также цели на встречных курсах что было слабым местом предыдущих ПЗРК для этого требовалось решить несколько ключевых проблем повысить чувствительность головки самонаведения ГСН чтобы она могла надежно захватывать цель на большей дальности и не отвлекаться на тепловые ловушки реализовать схему поражения с подрывом боевой части не в хвосте а впереди цели и значительно увеличить скорость полета ракеты после долгих испытаний и доводок в которых победила коломенская «Игла» комплекс был принят на вооружение Советской Армии в 1983 году что ознаменовало новый этап в развитии средств войсковой ПВО ближнего радиуса конструктивно ПЗРК «Игла» состоит из нескольких основных элементов собственно зенитной ракеты 9М39 размещенной в транспортно-пусковом контейнере ТПК пускового механизма с аппаратурой управления источником питания и наземного радиолокационного запросчика НРЗ 1Л14-1 «Ручка» для опознавания цели система «свой-чужой» ракета 9М39 выполнена по аэродинамической схеме «утка» с расположенными в головной части рулями и имеет двухрежимный твердотопливный двигатель который сначала с большим ускорением разгоняет ее до скорости около 570 м/с а затем поддерживает ее на маршевом участке что сокращает время подлета к цели главным технологическим прорывом стала гетеродинная двухспектральная инфракрасная головка самонаведения 9Э410 которая была не только высокочувствительной но и обладала селекцией целей по двум инфракрасным диапазонам и вращающемуся модуляционному полю что позволяло ей отличать самолет от многих типов тепловых ловушек и устойчиво сопровождать цель на встречном курсе когда тепловое излучение не от двигателя а от нагретого корпуса значительно слабее еще одной ключевой инновацией стал контактный и бесконтактный взрыватель в ракету был встроен неконтактный оптический взрыватель который при сближении с целью на расстояние около одного метра подавал команду на подрыв осколочно-фугасной боевой части массой 1 27 кг с 390 граммами взрывчатого вещества при этом формировалось направленное осколочное поле которое буквально прошивало цель вперед осколками что резко повышало вероятность ее поражения даже при близком пролете а контактный взрыватель дублировал эту функцию при прямом попадании для стрельбы из «Иглы» используется пусковой механизм 9П39 с встроенным радиолокационным запросчиком «свой-чужой» одноразовый источник питания и блок охлаждения для ГСН который должен охлаждаться перед пуском в течение 3-5 секунд экипаж комплекса состоит из одного человека стрелка который переносит комплекс в собранном виде общая масса которого составляет около 18 кг сразу после принятия на вооружение началась разработка его модификаций первой из них стала «Игла-1» 9К310 принятая на вооружение в 1981 году даже раньше базовой «Иглы» что может показаться парадоксальным но это был упрощенный и облегченный вариант с ракетой 9М313 созданный по требованию военных для десантных подразделений он имел несколько меньшую дальность и помехозащищенность но массу около 16,5 кг следующим и наиболее массовым этапом стало создание ПЗРК «Игла-С» 9К338 который был принят на вооружение в 2002 году и стал глубокой модернизацией оригинальной «Иглы» его ракета 9М342 получила новую ГСН с логическим блоком селекции помех которая могла анализировать спектральные и пространственные характеристики цели что делало ее практически невосприимчивой к современным тепловым ловушкам также была увеличена дальность пуска до 6 км высота поражения до 3,5 км и скорость цели до 400 м/с а масса боевой части выросла до 2,5 кг что гарантировало уничтожение даже тяжелого транспортного самолета или вертолета кроме того в состав комплекса был введен внешний средства опознавания СОО-2 «Свой-чужой» и автоматизированная система управления огнем АСУ Огнем «Стрелец» которая позволяла подключать до шести ПЗРК к единой сети и получать целеуказание от командного пункта что резко повышало эффективность группового применения «Игла» и ее модификации стали одними из самых распространенных ПЗРК в мире поступив на вооружение более чем 50 стран и приняв участие практически во всех вооруженных конфликтах с 1980-х годов до наших дней от Афганистана и Чечни до Сирии и Украины доказав свою высокую эффективность надежность и смертоносность для авиации противника на малых и предельно малых высотах.', '9К38 Игла/-1/-С', '56', '2', '21', '1', '2', '58', '20', NULL, '2025-10-23 20:15:50');
INSERT INTO `Vehicle` (`ID`, `History`, `Name`, `Weapon_ID`, `Type_ID`, `War_ID`, `Country_ID`, `Class_ID`, `Service_ID`, `Generation_ID`, `Created_By`, `Created_At`) VALUES ('70', 'Разработка переносного зенитного ракетного комплекса 9К333 «Верба» была начата в АО «Конструкторское бюро машиностроения» в Коломне как закономерное развитие линейки советских и российских ПЗРК «Стрела-2» «Игла» и «Игла-С» создание комплекса было инициировано в середине 2000-х годов в ответ на появление у потенциального противника новых поколений авиационной техники характеризующихся сниженной тепловой заметностью широким применением средств радиоэлектронной борьбы и новых типов тепловых ловушек которые могли существенно снизить эффективность даже современных на тот момент ПЗРК «Игла-С» главным конструктором «Вербы» стал доктор технических наук Олег Игоревич Хлыстов который возглавил работы по реализации принципиально новых технических решений комплекс был официально представлен публике в 2011 году а в 2014 году успешно завершил государственные испытания и был принят на вооружение Вооруженных Сил Российской Федерации став таким образом новейшим и наиболее технологичным ПЗРК в российской армии главной особенностью «Вербы» стала ее трехспектральная оптико-электронная головка самонаведения которая работает не только в двух инфракрасных диапазонах как у «Иглы-С» но и в ультрафиолетовом диапазоне что создает объемную картину цели и позволяет головке с помощью сложной алгоритмической обработки надежно выделять самолет или вертолет на фоне любых известных природных и искусственных помех включая новейшие тепловые ловушки с переменным спектром излучения кроме того использование ультрафиолетового канала позволяет головке эффективно захватывать и сопровождать современные малозаметные цели с экранированными выхлопами двигателей и системами снижения тепловой заметности которые становятся видны на контрасте с ультрафиолетовым фоном неба ракета 9М336 для «Вербы» сохранила калибр 72 мм что обеспечивает преемственность с предыдущими поколениями но получила новый двухрежимный твердотопливный двигатель который обеспечивает большую среднюю скорость полета и как следствие увеличенную дальность и высоту поражения а также возможность атаковать высокоскоростные цели по сравнению с «Иглой-С» дальность пуска была увеличена до 6 5 км высота поражения до 4 5 км а скорость обстреливаемых целей может достигать 500 м/с боевая часть осколочно-фугасная с контактным и неконтактным взрывателем причем алгоритм работы неконтактного взрывателя стал адаптивным и может подстраиваться под размер и тип цели чтобы подрыв происходил на оптимальном расстоянии для нанесения максимальных повреждений важным улучшением стала полная совместимость «Вербы» с автоматизированной системой управления «Стрелец» которая позволяет объединить до шести ПЗРК в единую сеть с общим целеуказанием от командного пункта или радиолокационного поста что кардинально повышает эффективность группового применения и позволяет организовать засады на направлениях вероятного пролета авиации противника даже без визуального контакта до момента пуска эргономика комплекса также была значительно улучшена пусковая труба стала легче и эргономичнее а в состав аппаратуры был введен многофункциональный жидкокристаллический индикатор на пусковом механизме который отображает всю необходимую стрелку информацию включая готовность ракеты наличие целеуказания от внешних источников и результаты опознавания цели через систему «свой-чужой» помимо базовой переносной версии «Верба» разработана в вариантах для установки на боевые машины и катера что расширяет ее оперативные возможности благодаря своей передовой технологии и высокой помехозащищенности ПЗРК «Верба» представляет собой качественно новый уровень средств войсковой ПВО ближнего радиуса и способен эффективно противостоять всем типам современной и перспективной авиации включая малозаметные самолеты вертолеты крылатые ракеты и беспилотные летательные аппараты обеспечивая надежное прикрытие подразделений от ударов с воздуха в тактической глубине обороны.', '9К333 Верба', '57', '2', '21', '2', '2', '42', '20', NULL, '2025-10-23 20:15:50');
INSERT INTO `Vehicle` (`ID`, `History`, `Name`, `Weapon_ID`, `Type_ID`, `War_ID`, `Country_ID`, `Class_ID`, `Service_ID`, `Generation_ID`, `Created_By`, `Created_At`) VALUES ('71', 'Зенитная самоходная установка ЗСУ-23-4 «Шилка» является одной из самых знаковых боевых машин в истории войсковой ПВО разработанная в конце 1950-х и принятая на вооружение Советской Армии в 1962 году она пришла на смену устаревшим ЗСУ-57-2 и стала первой в мире серийной самоходной зенитной установкой оснащенной полноценным радиолокационным комплексом что позволяло ей вести эффективный огонь в любое время суток и в любых погодных условиях создание «Шилки» было ответом на растущую угрозу со стороны скоростных реактивных самолетов и вертолетов которые могли действовать на малых высотах уклоняясь от поражения зенитными ракетными комплексами того времени главным конструктором машины был назначен В Э Муратовский а за создание радиолокационного прицельного комплекса отвечало ОКБ-357 под руководством В В Тихомирова основой для шасси послужило проверенное гусеничное шасси от плавающего танка ПТ-76 что обеспечивало машине хорошую подвижность по бездорожью и плавучесть хотя в войсках эту функцию часто блокировали из-за сложности эксплуатации главным калибром «Шилки» стали четыре 23-мм автоматические пушки 2А7 конструкции Афанасьева и Richter установленные в общей вращающейся башне с водяным охлаждением стволов темп стрельбы каждой пушки составлял 800-1000 выстрелов в минуту что в сумме давало чудовищную плотность огня до 4000 выстрелов в минуту а для поражения различных целей использовались два типа боеприпасов осколочно-зажигательные и бронебойно-зажигательные боекомплект составлял 2000 патронов размещенных в лентах по 500 на ствол что обеспечивало около 30 секунд непрерывной стрельбы сердцем комплекса и его ключевым преимуществом стал радиолокационный прицельный комплекс РПК-2 состоявший из двух РЛС радиолокатора обнаружения целей с дальностью действия до 20 км и радиолокатора сопровождения цели с дальностью до 8 км что позволяло экипажу из четырех человек обнаруживать цели наводить орудия и вести огонь не покидая бронированной машины при этом несмотря на наличие РЛС «Шилка» сохранила и оптические средства прицеливания включая телевизионную систему для работы в условиях радиоэлектронных помех которые были особенно актуальны во время холодной войны тактико-технические характеристики «Шилки» делали ее смертоносной для низколетящих целей дальность эффективного огня по воздушным целям составляла до 2 5 км высота поражения от 0 до 1500 метров однако в войсках быстро оценили и ее колоссальную эффективность по наземным целям где она использовалась для поражения легкобронированной техники грузовиков и особенно живой силы противника где ее скорострельность производила опустошающий эффект за что она получила прозвище «косторезка» производство «Шилки» в СССР продолжалось до 1982 года и за этот период было выпущено около 6500 единиц кроме того она производилась по лицензии в Польше и Болгарии и поставлялась на экспорт более чем в 40 стран мира ее боевое крещение состоялось во время Вьетнамской войны где она использовалась северовьетнамской армией и показала высокую эффективность против американских самолетов и вертолетов затем «Шилка» применялась практически во всех крупных конфликтах второй половины XX века включая арабо-израильские войны войну в Афганистане где ее способность вести огонь с закрытых позиций по склонам гор была особенно востребована ирано-иракскую войну и обе чеченские кампании где ее использовали для поражения зданий и укрепленных позиций боевиков несмотря на появление более современных ЗРПК «Тунгуска» и «Панцирь» «Шилка» до сих пор состоит на вооружении многих стран включая Россию где она находится в резерве и используется для охраны важных стационарных объектов ее долгожительство объясняется непревзойденной надежностью простотой в обслуживании и эксплуатации и уникальной боевой эффективностью в своей нише борьбы с низколетящими целями и поддержки наземных войск оставив неизгладимый след в истории военного дела.', 'ЗСУ-23-4 «Шилка»', '58', '2', '15', '1', '2', '59', '21', NULL, '2025-10-23 20:15:50');
INSERT INTO `Vehicle` (`ID`, `History`, `Name`, `Weapon_ID`, `Type_ID`, `War_ID`, `Country_ID`, `Class_ID`, `Service_ID`, `Generation_ID`, `Created_By`, `Created_At`) VALUES ('72', 'Зенитная установка ЗУ-23-2 является одним из самых распространенных и узнаваемых образцов советского вооружения средство войсковой ПВО которое несмотря на почтенный возраст до сих пор состоит на вооружении десятков стран и активно применяется в современных конфликтах ее разработка была начата в конце 1950-х годов в ОКБ-43 под руководством главного конструктора Николая Михайловича Афанасьева в тесном сотрудничестве с конструктором Владимиром Яковлевичем Грачевым который отвечал за создание лафета комплекс был принят на вооружение Советской Армии в 1960 году и предназначался для замены устаревших 14 5-мм зенитных пулеметов ЗПУ-2 и 37-мм пушек 61-К на уровне мотострелкового полка главной задачей новой установки была борьба с низколетящими дозвуковыми воздушными целями на высотах до 1500 метров а также с воздушными десантами противника однако вскоре выяснилось что ЗУ-23-2 обладает исключительной универсальностью и эффективностью и против наземных целей конструктивно ЗУ-23-2 представляет собой спаренную автоматическую пушку смонтированную на четырехколесном лафете с раздвижными станинами который обеспечивает круговой обстрел и высокую устойчивость при ведении огня основой установки являются две 23-мм автоматические пушки 2А14 работающие на принципе отвода пороховых газов и использующие ленточное питание автоматика пушек позволяет вести огонь как очередями так и одиночными выстрелами с технической скорострельностью около 2000 выстрелов в минуту на ствол что создает высокую плотность огня практический темп стрельбы ниже и составляет около 400-600 выстрелов в минуту на ствол благодаря раздельному питанию можно вести огонь из каждого ствола независимо для стрельбы используются 23-мм патроны с осколочно-зажигательными и бронебойно-зажигательными снарядами начальная скорость снаряда составляет 970 м/с что обеспечивает хорошую настильность траектории и высокую точность для наведения на цель ЗУ-23-2 оснащалась оптическим прицелом ЗАП-23 который позволял вести огонь по воздушным целям движущимся со скоростью до 300 м/с а также по наземным целям позднее были разработаны и радиолокационные прицелы такие как «Ромб» и «Стрелка» что значительно повысило ее ночные и всепогодные возможности но главным достоинством ЗУ-23-2 стала ее феноменальная простота надежность и мобильность установка может буксироваться автомобилем или перевозиться в кузове грузовика а в боевом положении ее может обслуживать расчет из двух-трех человек хотя штатно он состоит из четырех-пяти наводчик наводчик-установщик и два подносчика боеприпасов масса установки в боевом положении составляет около 950 кг что позволяет силами расчета быстро перекатывать ее на короткие расстояния производство ЗУ-23-2 было налажено в СССР а затем продолжено в Польше Болгарии Египте и Китае где она известна как Type 85 общее количество выпущенных установок оценивается в десятки тысяч что сделало ее поистине народным оружием ее боевое крещение состоялось во Вьетнамской войне и с тех пор она применялась практически во всех вооруженных конфликтах на планете от Ближнего Востока и Африки до Афганистана и Украины при этом тактика ее применения постоянно расширялась если изначально она создавалась для стрельбы по воздушным целям то очень быстро ее стали использовать для поражения легкобронированной техники грузовиков и особенно живой силы противника где ее скорострельность и калибр производят опустошающее действие а возможность ведения настильного огня на дальность до двух километров делает ее опасным противником в любой ситуации кроме того ЗУ-23-2 получила широчайшее распространение в качестве вооружения для самых разных носителей ее устанавливали на грузовики пикапы боевые катера и даже вертолеты создавая импровизированные зенитные самоходные установки и технику поддержки которые доказали свою высокую эффективность в локальных конфликтах низкой интенсивности таким образом ЗУ-23-2 благодаря своей простоте надежности низкой стоимости и исключительной универсальности прошла проверку временем и до сих пор остается грозным и востребованным оружием на полях сражений по всему миру.', 'ЗУ-23-2', '59', '2', '21', '1', '2', '60', '21', NULL, '2025-10-23 20:15:50');
INSERT INTO `Vehicle` (`ID`, `History`, `Name`, `Weapon_ID`, `Type_ID`, `War_ID`, `Country_ID`, `Class_ID`, `Service_ID`, `Generation_ID`, `Created_By`, `Created_At`) VALUES ('73', 'Зенитное орудие С-60 калибра 57 мм стало одним из самых значимых образцов советской зенитной артиллерии послевоенного периода олицетворяя собой переход от буксируемых орудий времен Великой Отечественной войны к сложным автоматизированным артиллерийским комплексам его разработка была начата сразу после войны в знаменитом КБ завода № 4 в Красноярске под руководством выдающегося конструктора-артиллериста Василия Гавриловича Грабина при активном участии Льва Викторовича Люльева создавалось орудие как замена полуавтоматическим 37-мм пушкам 61-К и 85-мм орудиям 52-К которые уже не отвечали требованиям по скорострельности и эффективности против новых скоростных реактивных самолетов принятие на вооружение состоялось в 1950 году а серийное производство было развернуто на заводе № 4 и продолжалось до 1957 года всего было выпущено более 4300 орудий главной особенностью С-60 стала его полная автоматика работающая на принципе смешанной энергии отката ствола и отвода пороховых газов что позволяло вести интенсивный огонь без постоянного ручного заряжания как на предыдущих системах орудие использовало унитарные патроны калибра 57 мм с латунной гильзой массой 2 8 кг и снарядами нескольких типов осколочно-трассирующими с самоликвидатором через 15-18 секунд полета и бронебойно-зажигательными которые подавались из магазина-кассеты на 4 патрона расположенного сверху техническая скорострельность достигала 120 выстрелов в минуту однако практическая составляла около 70 выстрелов в минуту из-за необходимости частой смены магазинов эффективная дальность стрельбы по воздушным целям составляла до 6000 метров а досягаемость по высоте до 4000 метров что делало его опасным противником для тактической авиации того времени начальная скорость снаряда составляла 1000 м/с что обеспечивало высокую точность и настильность траектории для управления огнем батареи из шести или восьми орудий использовалась сложная система включавшая радиолокационную станцию орудийной наводки СОН-9 и центральный прибор управления артиллерийским зенитным огнем ПУАЗО-6 которые автоматически вырабатывали данные для стрельбы и по кабельным линиям связи передавали их на орудия где устанавливались приемники-синхронноследящие системы это позволяло вести эффективный заградительный огонь в любых погодных условиях и ночью однако при выходе из строя централизованной системы наводки расчет из 7 человек мог вести огонь используя автономный оптический прицел с вычислителем однако эффективность при этом резко падала несмотря на передовую для своего времени конструкцию эксплуатация С-60 выявила и ряд серьезных недостатков прежде очередь сложность и низкую надежность автоматики которая была чувствительна к загрязнению и требовала высочайшей квалификации обслуги особенно в полевых условиях кроме того мощная баллистика и автоматика приводили к сильной вибрации установки что снижало точность и требовало частой проверки и юстировки механизмов боевое крещение С-60 состоялось в Корейской войне где оно использовалось северокорейскими и китайскими войсками затем орудие массово применялось во Вьетнамской войне где зарекомендовало себя как грозное средство ПВО способное эффективно бороться с американскими самолетами включая реактивные истребители-бомбардировщики на средних высотах широко использовалось С-60 и в многочисленных арабо-израильских конфликтах а также в Афганистане где советские войска наряду со зенитными функциями часто применяли его для стрельбы по наземным целям в горной местности где мощный осколочный снаряд оказывал сильное деморализующее воздействие на душманов с поступлением в войска зенитных ракетных комплексов С-60 было постепенно снято с вооружения советской армии однако его служба на этом не закончилась тысячи орудий были поставлены союзникам и продолжают использоваться в некоторых странах до сих пор кроме того на базе С-60 была создана знаменитая самоходная зенитная установка ЗСУ-57-2 а его баллистика и боеприпасы легли в основу автоматической корабельной артустановки АК-725 и современных зенитных орудий типа АУ-220М что свидетельствует о выдающихся баллистических характеристиках и удачной конструкции этой артиллерийской системы.', 'С-60', '60', '2', '15', '1', '2', '61', '21', NULL, '2025-10-23 20:15:50');
INSERT INTO `Vehicle` (`ID`, `History`, `Name`, `Weapon_ID`, `Type_ID`, `War_ID`, `Country_ID`, `Class_ID`, `Service_ID`, `Generation_ID`, `Created_By`, `Created_At`) VALUES ('74', 'Боевая разведывательная машина БРМ-1К (индекс ГБТУ — Объект 676) была разработана в Советском Союзе в конце 1960-х годов как специализированная машина для ведения тактической разведки в интересах мотострелковых и танковых подразделений и принята на вооружение в 1972 году, став первой в СССР полноценной БРМ, созданной на базе серийной боевой машины пехоты БМП-1, что обеспечивало высокую степень унификации и упрощало логистику. Конструктивно БРМ-1К сохранила компоновку базовой машины: отделение управления в лобовой части, боевое отделение в средней и моторно-трансмиссионное в корме, однако ее главным отличием стал совершенно иной состав вооружения и специального оборудования. Вместо мощного пушечно-ракетного вооружения БМП-1, основным вооружением БРМ-1К стала башня с 7,62-мм пулеметом ПКТ, что было обусловлено изменением основной задачи — машина должна была не вступать в бой, а скрытно наблюдать и добывать информацию. Для этого экипаж был увеличен до шести человек: командир машины (он же начальник разведки), старший водитель-механик, радиотелеграфист и три разведчика-наблюдателя, что позволяло эффективно работать в составе разведывательного дозора.\r\n\r\nСердцем БРМ-1К стал комплекс разведывательного оборудования, размещенный как в башне, так и в корпусе. Вращающаяся башня оборудована комбинированным (дневным и ночным) бинокулярным перископическим прибором наблюдения ТКН-3ЛБ с прожектором ОУ-3ГА, который мог работать в инфракрасном режиме, а также комбинированным (дневным/ночным) прибором наблюдения ТНП-206. Для ведения дальней разведки и определения координат целей машина оснащалась стереотрубой ДС-2 с 20-кратным увеличением и дальномером, который мог определять расстояние до целей в пределах от 800 до 8000 метров. Связь обеспечивала УКВ-радиостанция Р-123М с дальностью действия до 40 км, а также КВ-радиостанция Р-130 для дальней связи, для которой в походном положении разворачивалась антенна длиной 10 метров. Навигационное оборудование включало гирополукомпас ГПК-59 и наземную навигационную аппаратуру ТНА-3, что позволяло экипажу точно определять свое местоположение и прокладывать маршрут в условиях отсутствия видимых ориентиров. Для защиты в ближнем бою, помимо пулемета, экипаж имел пять автоматов АКМ, сигнальный пистолет и 15 ручных гранат Ф-1.\r\n\r\nСиловая установка — шестицилиндровый V-образный дизельный двигатель УТД-20 мощностью 300 л.с., заимствованный у БМП-1, — обеспечивал машине боевой массой около 13,5 тонн хорошую подвижность: скорость по шоссе до 65 км/ч, запас хода до 600 км, а также возможность плавания со скоростью до 7 км/ч благодаря перемотке гусениц. Бронезащита противопульная, аналогичная БМП-1, обеспечивала защиту от пуль калибра 7,62 мм и осколков снарядов. БРМ-1К массово производилась и поступала на вооружение разведывательных подразделений советской армии, а затем и армий стран Варшавского договора, где прослужила несколько десятилетий, став надежным и эффективным инструментом тактической разведки, хотя к 1990-м годам ее разведывательное оборудование стало считаться устаревшим.', 'БРМ-1К', '61', '2', '15', '1', '3', '62', '22', NULL, '2025-10-23 20:15:50');
INSERT INTO `Vehicle` (`ID`, `History`, `Name`, `Weapon_ID`, `Type_ID`, `War_ID`, `Country_ID`, `Class_ID`, `Service_ID`, `Generation_ID`, `Created_By`, `Created_At`) VALUES ('75', '«Леер-2» (индекс ГРАУ — 1Л271) — это российский комплекс радиоэлектронной разведки и радиоэлектронной борьбы (РЭБ), предназначенный для тактического звена. Разработка комплекса велась в рамках создания многоуровневой системы РЭБ в России и была завершена в 2010-х годах. «Леер-2» создан для замены устаревших систем и предназначен для ведения радио- и радиотехнической разведки, пеленгования источников радиоизлучений, а также для подавления каналов связи и навигации противника.\r\n\r\nОсновой комплекса являются две мобильные платформы — машина разведки (на базе бронированного автомобиля «Тигр-М») и машина помех (также на базе «Тигр-М» или другого шасси). Машина разведки оснащена широкодиапазонными пеленгаторами и анализаторами радиочастот, которые позволяют обнаруживать и классифицировать источники радиоизлучения в диапазонах частот от 30 МГц до 18 ГГц. Это включает в себя сотовую связь (GSM, 3G, LTE), спутниковую связь, беспроводные сети Wi-Fi, а также радиоканалы управления БПЛА и системы GPS/ГЛОНАСС. Машина помех, в свою очередь, генерирует направленные помехи в тех же диапазонах, что позволяет нарушать работу каналов связи и навигации противника.\r\n\r\nОдной из ключевых задач «Леер-2» является противодействие беспилотным летательным аппаратам (БПЛА). Комплекс способен обнаруживать дроны по их радиоизлучению, определять их координаты и пеленговать оператора, после чего подавлять каналы управления и навигации, приводя к потере управления или принудительной посадке БПЛА. Это особенно актуально в современных конфликтах, где беспилотники играют важную роль в разведке и нанесении точечных ударов.\r\n\r\n«Леер-2» отличается высокой мобильностью и автономностью. Он может развертываться на местности за 10–15 минут и работать в автоматическом режиме, обнаруживая и подавляя цели без непосредственного участия оператора. Комплекс интегрирован в единую систему управления РЭБ, что позволяет ему обмениваться данными с другими средствами разведки и РЭБ, такими как «Москва-1», «Красуха» и «Свет-КУ», создавая единое информационное поле.\r\n\r\nВпервые «Леер-2» был публично представлен в 2015 году, а с 2016 года начались его поставки в войска. Комплекс активно применялся в ходе боевых действий в Сирии, где использовался для подавления каналов связи и управления боевиков, а также для противодействия их БПЛА. Сообщалось, что «Леер-2» успешно подавлял спутниковые каналы связи и системы навигации, что затрудняло координацию действий противника. Также комплекс используется в ходе специальной военной операции на Украине, где его задачи включают противодействие украинским БПЛА и нарушение работы систем связи.\r\n\r\n«Леер-2» продолжает развиваться. Были созданы его модификации, такие как «Леер-3», который использует БПЛА в качестве ретрансляторов и средств разведки, что расширяет зону охвата комплекса. Несмотря на относительно небольшую дальность действия (до 20–30 км), «Леер-2» считается эффективным инструментом для тактического уровня, способным значительно осложнить действия противника в радиусе своего покрытия.', 'Леер-2', '62', '2', '21', '2', '3', '63', '23', NULL, '2025-10-23 20:15:50');
INSERT INTO `Vehicle` (`ID`, `History`, `Name`, `Weapon_ID`, `Type_ID`, `War_ID`, `Country_ID`, `Class_ID`, `Service_ID`, `Generation_ID`, `Created_By`, `Created_At`) VALUES ('76', 'Комплекс радиоэлектронной борьбы Р-330Ж «Житель» является стационарным или возимым комплексом помех сетецентрическим системам тактической радиосвязи противника и был разработан в России в 2000-х годах как часть масштабной программы переоснащения войск РЭБ современными средствами для противодействия технически оснащенным армиям НАТО принятие на вооружение состоялось ориентировочно в 2009-2010 годах что позволило закрыть критически важный сегмент радиоэлектронного противоборства на тактическом уровне главной задачей «Жителя» является обнаружение пеленгование анализ и последующее эффективное подавление источников радиоизлучения работающих в диапазонах частот используемых для построения тактических сетей связи включая спутниковые каналы а также систем навигации GPS и ГЛОНАСС хотя по заявлениям разработчиков российские системы защищены от его воздействия что обеспечивает избирательность применения комплекс построен по модульному принципу и включает в себя несколько ключевых компонентов основным является автоматизированная рабочая позиция АРП Р-330К которая размещается в кузове-контейнере на шасси автомобиля КАМАЗ-43114 или Урал-4320 и представляет собой командный пункт комплекса именно здесь операторы осуществляют управление всей системой анализируют радиообстановку и принимают решения о постановке помех для непосредственного воздействия на вражеские системы используются выносные автоматизированные помеховые передатчики Р-378Б которые также размещаются в кузовах-контейнерах на шасси автомобилей повышенной проходимости что обеспечивает их быстрое развертывание на местности и возможность оперативной смены позиций для защиты от ответного огня каждый такой передатчик способен создавать мощные прицельные помехи в определенных частотных диапазонах а их совместная работа в сети позволяет создавать зону сплошного радиоэлектронного подавления на значительной территории кроме того в состав комплекса могут входить средства радиотехнической разведки Р-330КК которые занимаются поиском и анализом источников радиоизлучения противника определяя их тип координаты и параметры работы работа «Жителя» полностью автоматизирована после развертывания и включения комплекс в автоматическом режиме проводит сканирование эфира в заданных диапазонах частот выявляя работающие радиостанции и системы связи после чего классифицирует их по степени опасности и по команде оператора либо автоматически согласно заданному алгоритму осуществляет подавление выбранных целей при этом он способен одновременно создавать помехи нескольким десяткам различных источников что позволяет дезорганизовать систему управления войсками противника лишив ее основных каналов передачи данных дальность действия комплекса является тактической и оценивается специалистами в несколько десятков километров что достаточно для воздействия на дивизионно-полковое звено управления противника «Житель» поступил на вооружение бригад РЭБ Сухопутных войск России и активно применяется в ходе боевых действий так во время военной операции в Сирии комплексы Р-330Ж использовались для прикрытия российских объектов от беспилотников и нарушения связи боевиков а в ходе конфликта на востоке Украины начиная с 2014 года и особенно в полномасштабных боевых действиях с 2022 года «Житель» наряду с другими комплексами РЭБ такими как «Леер-2» и «Борисоглебск-2» играет ключевую роль в радиоэлектронном противоборстве осуществляя подавление тактической связи украинских подразделений систем навигации и каналов управления беспилотными летательными аппаратами что существенно затрудняет координацию их действий и снижает эффективность применения высокоточного оружия несмотря на то что комплекс является не самым новым в арсенале российских войск РЭБ его высокая надежность мощность и способность эффективно противодействовать основным стандартам связи НАТО используемым украинской армией делают его грозным и востребованным оружием на современном поле боя где победа во многом зависит от господства в радиоэфире.', 'Р-330Ж «Житель»', '63', '2', '21', '2', '3', '38', '23', NULL, '2025-10-23 20:15:50');
INSERT INTO `Vehicle` (`ID`, `History`, `Name`, `Weapon_ID`, `Type_ID`, `War_ID`, `Country_ID`, `Class_ID`, `Service_ID`, `Generation_ID`, `Created_By`, `Created_At`) VALUES ('77', 'Станция помех радиовзрывателям 1Л262Э «Ртуть-БМ», известная под более ранним армейским индексом СПР-2М, является высокоспециализированным комплексом радиоэлектронной борьбы, предназначенным для защиты войск на марше и на позициях от артиллерийских снарядов, мин, авиабомб и ракет, оснащенных радиовзрывателями. Ее история началась еще в Советском Союзе, где в 1980-х годах была создана станция СПР-2 «Ртуть-Б» на шасси бронетранспортера БТР-70, которая стала ответом на массовое распространение в армиях НАТО боеприпасов с радиочастотными взрывателями, срабатывающими на оптимальной высоте для нанесения максимального урона. Разработка велась в рамках совершенствования средств непосредственной защиты войск, и после распада СССР работы были продолжены в Российской Федерации, что привело к созданию усовершенствованной модели СПР-2М, а затем и ее глубокой модернизации — 1Л262Э «Ртуть-БМ», которая была принята на вооружение в 2010-х годах.\r\n\r\nГлавной задачей комплекса является создание в окружающем пространстве мощного радиоэлектронного «зонтика», который обманывает или подавляет радиовзрыватели. Принцип его работы основан на активной радиоэлектронной помехе: станция постоянно сканирует эфир в определенных частотных диапазонах, в которых работают радиовзрыватели (обычно это диапазоны около 150 МГц и 450 МГц), и в момент обнаружения их сигнала запроса она мгновенно генерирует и посылает ответный помеховый сигнал. Этот сигнал либо имитирует отраженный от земли сигнал, заставляя взрыватель сработать на неоптимальной, завышенной высоте, либо полностью «забивает» его приемник, вызывая преждевременный подрыв боеприпаса в воздухе, на безопасном для прикрываемой техники и живой силы расстоянии, либо, наоборот, блокирует подрыв. Экипаж станции не участвует в этом процессе напрямую — весь цикл, от обнаружения угрозы до постановки помехи, выполняется автоматически, что критически важно в условиях скоротечного боя.\r\n\r\nКонструктивно «Ртуть-БМ» смонтирована на высокомобильном гусеничном шасси МТ-ЛБ, что обеспечивает ей высокую проходимость, позволяя действовать в одних боевых порядках с танками и бронетранспортерами, которые она прикрывает. На крыше машины установлена поднимаемая на мачте (около 6.5 метров) приемо-передающая антенна веерного типа, которая обеспечивает круговое покрытие зоной защиты. Комплекс способен одновременно создавать помехи нескольким целям и эффективно функционировать в сложной радиоэлектронной обстановке, выделяя нужные сигналы на фоне других излучений. Дальность действия станции классифицируется, но она рассчитана на перехват взрывателей на подлете к охраняемому объекту, обеспечивая защиту в радиусе нескольких сотен метров. Экипаж станции состоит из двух человек: механика-водителя и оператора, который контролирует работу аппаратуры.\r\n\r\n«Ртуть-БМ» поступила на вооружение подразделений РЭБ общевойсковых и танковых соединений Российской армии и активно применялась в ходе боевых действий. Во время вооруженного конфликта на востоке Украины, особенно в период после 2014 года, эти станции использовались для прикрытия колонн и позиций подразделений. С началом полномасштабного вторжения в 2022 году их роль стала еще более значимой: «Ртуть-БМ» массово задействуется для защиты скоплений техники, командных пунктов, артиллерийских батарей и других важных объектов от огня противника, использующего осколочно-фугасные снаряды с радиовзрывателями. Эффективность комплекса подтверждается тем, что он остается приоритетной целью для вражеской артиллерии и беспилотников-камикадзе, а его наличие вынуждает противника переходить на использование менее эффективных ударных или контактных взрывателей, что снижает поражающий эффект его обстрелов. Таким образом, 1Л262Э «Ртуть-БМ», будучи узкоспециализированным, но жизненно важным комплексом, стала неотъемлемым элементом выживаемости российских войск на современном высокотехнологичном поле боя.', '1Л262Э «Ртуть-БМ» (СПР-2М)', '64', '2', '21', '2', '3', '64', '23', NULL, '2025-10-23 20:15:50');
INSERT INTO `Vehicle` (`ID`, `History`, `Name`, `Weapon_ID`, `Type_ID`, `War_ID`, `Country_ID`, `Class_ID`, `Service_ID`, `Generation_ID`, `Created_By`, `Created_At`) VALUES ('78', 'История М41 «Уокер Бульдог» начинается в конце Второй мировой войны, когда американским военным стало окончательно ясно, что их основной легкий танк М24 «Чаффи», несмотря на свои достоинства, уже не в полной мере отвечает возросшим требованиям. Он был слабовато бронирован, а его 75-мм пушка не могла эффективно бороться с новыми советскими бронированными машинами. Армии США требовался новый, более мощный и скоростной разведывательный танк, способный не только собирать данные, но и при необходимости эффективно сражаться с техникой противника. Работы над новой машиной, получившей обозначение T37, стартовали в 1947 году. Конструкторы представили несколько прототипов, и после череды испытаний и доработок, в 1949 году, финальный вариант T41E1 был принят на вооружение под индексом М41. Свое неофициальное, но ставшее знаменитым имя «Уокер Бульдог» танк получил в 1951 году в честь погибшего в Корее генерала Уолтона Уокера, который был большим энтузиастом бронетанковых войск.\r\n\r\nПо своей сути М41 был классическим легким танком, но с огневой мощью, приближенной к средним танкам того времени. Его компоновка была традиционной: отделение управления в передней части, боевое отделение в центре и моторно-трансмиссионное отделение в корме. Главным калибром «Бульдога» стала новая 76-мм нарезная пушка M32, баллистически идентичная орудию, устанавливавшемуся на послевоенные версии истребителя танков M18 «Хеллкэт». Это орудие с высокой начальной скоростью снаряда позволяло эффективно поражать большинство танков того периода, включая советские Т-34-85, на основных дистанциях боя. Боекомплект состоял из 57 унитарных выстрелов, а для удобства экипажа из двух человек в тесной башне орудие было оснащено системой продувки ствола от пороховых газов и механизированной укладкой подкалиберных снарядов. Вспомогательное вооружение включало спаренный с орудием 7,62-мм пулемет M1919A4E1 и такой же курсовой пулемет, управляемый механиком-водителем, а на крыше башни устанавливался крупнокалиберный 12,7-мм пулемет M2HB для борьбы с легкобронированными целями и низколетящими самолетами.\r\n\r\nСердцем М41 был шестицилиндровый бензиновый двигатель воздушного охлаждения Continental (или Lycoming) AOS-895-3, развивавший мощность 500 лошадиных сил. Этот мощный двигатель разгонял 23-тонную машину до скорости в 72 км/ч по шоссе, что делало «Уокер Бульдог» одним из самых быстрых танков своего времени. Ходовая часть, с шестью опорными катками на борт и тремя поддерживающими роликами, обеспечивала хорошую плавность хода и проходимость. Однако за эту динамику приходилось платить: мощный бензиновый мотор был очень «прожорливым». Запас хода по шоссе составлял всего около 160 километров, что было серьезным тактическим недостатком для разведывательной машины, и создавало проблемы с логистикой. Бронирование М41 было противопульным, выполненным по дифференцированной схеме. Лоб корпуса и башни имел толщину до 25-32 мм, что защищало от огня стрелкового оружия и осколков, но было уязвимо для артиллерии и танковых пушек любого калибра. Экипаж танка состоял из четырех человек: командира, наводчика, заряжающего и механика-водителя.\r\n\r\nНесмотря на то, что М41 поступил на вооружение уже после окончания Корейской войны, он успел принять активное участие во Вьетнамской войне. Здесь его высокая скорость и мощная пушка были востребованы для эскортирования колонн, поддержки пехоты в качестве мобильной огневой точки и проведения разведывательных рейдов. Однако в джунглях Вьетнама ярко проявились и его недостатки: большой шум двигателя, демаскирующий танк, высокий силуэт и уязвимость от гранат РПГ. В армии США М41 достаточно быстро был заменен более совершенным разведывательным танком М551 «Шеридан», но его производственная база и надежная конструкция обеспечили ему долгую жизнь на международной арене. Танк поставлялся по программе военной помощи во множество стран мира, включая Бразилию (где он прошел глубокую модернизацию и оставался на службе до 1990-х годов), Таиланд, Данию, Японию, Турцию и многие другие. В некоторых армиях «Бульдоги» прослужили до конца XX века, а в модернизированных вариантах — и дольше. Таким образом, М41 «Уокер Бульдог» стал одним из самых известных и распространенных легких танков в истории, символом американского танкостроения раннего периода Холодной войны, который, несмотря на свои отдельные недостатки, доказал надежность, высокую огневую мощь и невероятную живучесть, пройдя через множество конфликтов по всему земному шару.', 'M41 «Уокер Бульдог»', '65', '2', '24', '3', '1', '65', '14', NULL, '2025-10-27 20:09:38');
INSERT INTO `Vehicle` (`ID`, `History`, `Name`, `Weapon_ID`, `Type_ID`, `War_ID`, `Country_ID`, `Class_ID`, `Service_ID`, `Generation_ID`, `Created_By`, `Created_At`) VALUES ('80', 'текст', 'Тест123', '67', '2', NULL, '6', '1', '67', '18', NULL, '2025-11-15 09:40:46');
INSERT INTO `Vehicle` (`ID`, `History`, `Name`, `Weapon_ID`, `Type_ID`, `War_ID`, `Country_ID`, `Class_ID`, `Service_ID`, `Generation_ID`, `Created_By`, `Created_At`) VALUES ('83', 'РУС-2 («Радиоулавливатель самолётов-2») была первой советской серийной радиолокационной станцией и одной из первых в мире. Её уникальность заключалась в использовании импульсного метода измерения дальности, что было передовой технологией для того времени. Стация могла обнаруживать воздушные цели на расстоянии до 110-150 км и определять их азимут и дальность. Существовала в двух вариантах: стационарная («Редут») и мобильная на автомобилях («Редут-К» или «Пегматит»). Разработка велась под руководством Ю.Б. Кобзарева.', 'РУС-2 «Редут»', NULL, '2', '26', '1', '3', '70', '24', NULL, '2025-11-17 13:38:22');
INSERT INTO `Vehicle` (`ID`, `History`, `Name`, `Weapon_ID`, `Type_ID`, `War_ID`, `Country_ID`, `Class_ID`, `Service_ID`, `Generation_ID`, `Created_By`, `Created_At`) VALUES ('84', 'СОН-2 была первой советской радиолокационной станцией артиллерийской наводки зенитных орудий. Создана на основе поставленной по ленд-лизу британской РЛС GL Mk.II. Станция позволяла обнаруживать воздушные цели и точно определять их координаты (азимут, угол места, дальность) для эффективной наводки зенитных батарей в условиях плохой видимости и ночью. Это резко повысило эффективность зенитной артиллерии.', 'СОН-2 (Станция орудийной наводки)', NULL, '2', '26', '1', '3', '71', '24', NULL, '2025-11-17 13:59:48');
INSERT INTO `Vehicle` (`ID`, `History`, `Name`, `Weapon_ID`, `Type_ID`, `War_ID`, `Country_ID`, `Class_ID`, `Service_ID`, `Generation_ID`, `Created_By`, `Created_At`) VALUES ('85', 'Первая массовая зенитная ракетная система (ЗРС) СССР, предназначенная для защиты Москвы от массированного налёта авиации противника. Была развёрнута в два кольца вокруг столицы. Система была стационарной, с жёсткой привязкой к позициям. Каждый полк имел 60 пусковых установок, расположенных по кругу. Ракета В-300 была жидкотопливной и требовала длительной подготовки к пуску по современным меркам.\r\nВойны и конфликты:', 'С-25 «Беркут»', NULL, '2', '8', '1', '3', '72', '25', NULL, '2025-11-17 14:05:51');

--
-- Table structure for table `War`
--
DROP TABLE IF EXISTS `War`;
CREATE TABLE `War` (
  `ID` int(5) NOT NULL AUTO_INCREMENT,
  `Name` varchar(255) NOT NULL,
  PRIMARY KEY (`ID`)
) ENGINE=InnoDB AUTO_INCREMENT=32 DEFAULT CHARSET=utf8mb4 COLLATE=utf8mb4_unicode_ci;

--
-- Dumping data for table `War`
--
INSERT INTO `War` (`ID`, `Name`) VALUES ('2', 'Борьба с нарушителями воздушной границы СССР');
INSERT INTO `War` (`ID`, `Name`) VALUES ('7', 'Борьба с аэростатами');
INSERT INTO `War` (`ID`, `Name`) VALUES ('8', 'Холодная война');
INSERT INTO `War` (`ID`, `Name`) VALUES ('9', 'Использовался для перехвата нарушителей границ и автоматических дрейфующих аэростатов');
INSERT INTO `War` (`ID`, `Name`) VALUES ('15', 'Афганская война');
INSERT INTO `War` (`ID`, `Name`) VALUES ('16', 'Вьетнамская война');
INSERT INTO `War` (`ID`, `Name`) VALUES ('17', 'Инцидент с южнокорейским \"Боингом\"');
INSERT INTO `War` (`ID`, `Name`) VALUES ('18', 'КВЖД');
INSERT INTO `War` (`ID`, `Name`) VALUES ('19', 'dsa');
INSERT INTO `War` (`ID`, `Name`) VALUES ('20', 'Война в Грузии');
INSERT INTO `War` (`ID`, `Name`) VALUES ('21', 'Специальная Военная Операция на Украине');
INSERT INTO `War` (`ID`, `Name`) VALUES ('22', 'Чеченские кампании');
INSERT INTO `War` (`ID`, `Name`) VALUES ('23', 'Вторая Чеченская война');
INSERT INTO `War` (`ID`, `Name`) VALUES ('24', 'Война во Вьетнаме');
INSERT INTO `War` (`ID`, `Name`) VALUES ('25', 'Ликвидация последствий аварии на ЧАЭС');
INSERT INTO `War` (`ID`, `Name`) VALUES ('26', 'Великая Отечественная война');
INSERT INTO `War` (`ID`, `Name`) VALUES ('27', 'Вторая мировая война');
INSERT INTO `War` (`ID`, `Name`) VALUES ('28', 'Венгерское восстание');
INSERT INTO `War` (`ID`, `Name`) VALUES ('29', 'Война Судного дня');
INSERT INTO `War` (`ID`, `Name`) VALUES ('30', 'укрукрку');
INSERT INTO `War` (`ID`, `Name`) VALUES ('31', 'выавы');

--
-- Table structure for table `Weapon`
--
DROP TABLE IF EXISTS `Weapon`;
CREATE TABLE `Weapon` (
  `ID` int(5) NOT NULL AUTO_INCREMENT,
  `Type` varchar(255) NOT NULL,
  `Calibre` varchar(255) NOT NULL,
  `Name` varchar(255) DEFAULT NULL,
  PRIMARY KEY (`ID`)
) ENGINE=InnoDB AUTO_INCREMENT=70 DEFAULT CHARSET=utf8mb4 COLLATE=utf8mb4_unicode_ci;

--
-- Dumping data for table `Weapon`
--
INSERT INTO `Weapon` (`ID`, `Type`, `Calibre`, `Name`) VALUES ('1', 'Пушечное', '1 × 30 мм пушка ГШ-30-1 (боезапас 150 снарядов)', '');
INSERT INTO `Weapon` (`ID`, `Type`, `Calibre`, `Name`) VALUES ('2', 'Стрелково-пушечное', '1 × 37 мм пушка Н-37Д с 40 патр.', '');
INSERT INTO `Weapon` (`ID`, `Type`, `Calibre`, `Name`) VALUES ('8', 'Стрелково-пушечное', '1 × 37 мм пушка Н-37 с 40 патр.', '');
INSERT INTO `Weapon` (`ID`, `Type`, `Calibre`, `Name`) VALUES ('9', 'Стрелково-пушечное', '3 × 30 мм пушки НР-30 с 201 патроном', '');
INSERT INTO `Weapon` (`ID`, `Type`, `Calibre`, `Name`) VALUES ('10', 'Пушечное вооружение', '2 × 37-мм пушки Н-37Л', '');
INSERT INTO `Weapon` (`ID`, `Type`, `Calibre`, `Name`) VALUES ('16', 'Стрелково-пушечное', '23 мм и 30 мм.', '');
INSERT INTO `Weapon` (`ID`, `Type`, `Calibre`, `Name`) VALUES ('17', 'Управляемые ракеты', 'ракеты «воздух-воздух»', '');
INSERT INTO `Weapon` (`ID`, `Type`, `Calibre`, `Name`) VALUES ('18', 'Управляемые ракеты', 'Ракеты \"воздух-воздух\"', '');
INSERT INTO `Weapon` (`ID`, `Type`, `Calibre`, `Name`) VALUES ('19', 'Управляемые ракеты', 'Р-24 и Р-60 (всего 6 ракет 2 Р-24 и 4 Р-60).', '');
INSERT INTO `Weapon` (`ID`, `Type`, `Calibre`, `Name`) VALUES ('20', 'da', 'da', 'da');
INSERT INTO `Weapon` (`ID`, `Type`, `Calibre`, `Name`) VALUES ('21', 'Пушечное вооружение', '30 мм авиационная пушка ГШ-30-1, 150 снарядов', '');
INSERT INTO `Weapon` (`ID`, `Type`, `Calibre`, `Name`) VALUES ('22', 'Управляемые ракеты', 'ракеты «воздух-воздух» и ракеты «воздух-земля»', '');
INSERT INTO `Weapon` (`ID`, `Type`, `Calibre`, `Name`) VALUES ('23', 'Шестиствольная автоматическая пушка', '23 мм, с боекомплектом 260 снарядов', '');
INSERT INTO `Weapon` (`ID`, `Type`, `Calibre`, `Name`) VALUES ('24', 'Пушечное', '30 мм встроенная пушка 9А1-4071К', '');
INSERT INTO `Weapon` (`ID`, `Type`, `Calibre`, `Name`) VALUES ('25', 'Пулемет', '12.7 мм', '');
INSERT INTO `Weapon` (`ID`, `Type`, `Calibre`, `Name`) VALUES ('26', 'Бомбовое вооружение', 'восемь бомб ПЛАБ−250−120, ориентирные бомбы типа ОМАБ', '');
INSERT INTO `Weapon` (`ID`, `Type`, `Calibre`, `Name`) VALUES ('27', 'Встроенное стрелково-пушечное', '1 × 30-мм пушка 2А42, боекомплект 250 снарядов', '');
INSERT INTO `Weapon` (`ID`, `Type`, `Calibre`, `Name`) VALUES ('28', 'Пушка', '30 мм', '');
INSERT INTO `Weapon` (`ID`, `Type`, `Calibre`, `Name`) VALUES ('29', 'Стрелково-пушечное', '1 × 30-мм пушка 2А42 во встроенной установке НППУ-80 (боезапас — 460 выстрелов 30 × 165 мм; селективное боепитание, переменный темп стрельбы)', '');
INSERT INTO `Weapon` (`ID`, `Type`, `Calibre`, `Name`) VALUES ('30', 'Пулемётная установка НУВ-1М(К)', '12,7 мм', '');
INSERT INTO `Weapon` (`ID`, `Type`, `Calibre`, `Name`) VALUES ('31', 'Пулемётная установка НУВ-1-2М', '', '');
INSERT INTO `Weapon` (`ID`, `Type`, `Calibre`, `Name`) VALUES ('32', 'Стрелково-пушечное', 'пулемёт 9-A-622 калибра 7,62 мм в подвижной установке с боезапасом 1800 патронов', '');
INSERT INTO `Weapon` (`ID`, `Type`, `Calibre`, `Name`) VALUES ('33', 'Стрелково-пушечное', 'несъёмная подвижная пушечная установка НППУ-23 с двуствольной пушкой ГШ-23Л калибра 23 мм (450 снарядов)', '');
INSERT INTO `Weapon` (`ID`, `Type`, `Calibre`, `Name`) VALUES ('34', 'Крылатые ракеты Х-БД', '', '');
INSERT INTO `Weapon` (`ID`, `Type`, `Calibre`, `Name`) VALUES ('35', 'Крылатые ракеты', 'X-101, X-555', '');
INSERT INTO `Weapon` (`ID`, `Type`, `Calibre`, `Name`) VALUES ('36', 'Управляемые ракеты', 'Х-22 «Буря»', '');
INSERT INTO `Weapon` (`ID`, `Type`, `Calibre`, `Name`) VALUES ('37', 'Стрелково-пушечное', '1 х шестиствольная 23-мм пушка ГШ-6-23 с 500 патронов', '');
INSERT INTO `Weapon` (`ID`, `Type`, `Calibre`, `Name`) VALUES ('38', 'Пушечное вооружение', '1 × 30 мм пушка ГШ-30-1', '');
INSERT INTO `Weapon` (`ID`, `Type`, `Calibre`, `Name`) VALUES ('39', 'Бомбардировочное и специальное вооружение', '', '');
INSERT INTO `Weapon` (`ID`, `Type`, `Calibre`, `Name`) VALUES ('40', 'два крыльевых пулемёта ШКАС и две крыльевые пушки ВЯ', '', '');
INSERT INTO `Weapon` (`ID`, `Type`, `Calibre`, `Name`) VALUES ('41', 'Стрелково-пушечное', '2 × НР-30 (по 70 снарядов на пушку)', '');
INSERT INTO `Weapon` (`ID`, `Type`, `Calibre`, `Name`) VALUES ('42', 'Нарезная танковая пушка', '76-мм', 'Д-56Т');
INSERT INTO `Weapon` (`ID`, `Type`, `Calibre`, `Name`) VALUES ('43', 'Нарезная танковая пушка', '37 мм', 'M6');
INSERT INTO `Weapon` (`ID`, `Type`, `Calibre`, `Name`) VALUES ('44', 'Нарезная танковая пушка', '85 мм', 'Type 62-85TC');
INSERT INTO `Weapon` (`ID`, `Type`, `Calibre`, `Name`) VALUES ('45', 'Нарезная танковая пушка', '100 мм', 'Д-10Т');
INSERT INTO `Weapon` (`ID`, `Type`, `Calibre`, `Name`) VALUES ('46', 'Гладкоствольная танковая пушка', '125 мм', '2А82-1М');
INSERT INTO `Weapon` (`ID`, `Type`, `Calibre`, `Name`) VALUES ('47', 'Гладкоствольная танковая пушка', '120 мм', 'M256');
INSERT INTO `Weapon` (`ID`, `Type`, `Calibre`, `Name`) VALUES ('48', 'Нарезная танковая пушка', '122 мм', 'Д-25Т');
INSERT INTO `Weapon` (`ID`, `Type`, `Calibre`, `Name`) VALUES ('49', 'Нарезная танковая пушка', '122 мм', 'М-62-Т2');
INSERT INTO `Weapon` (`ID`, `Type`, `Calibre`, `Name`) VALUES ('50', 'Нарезная пушка', '100 мм', 'Д-10С');
INSERT INTO `Weapon` (`ID`, `Type`, `Calibre`, `Name`) VALUES ('51', 'Нарезная пушка', '76 мм', 'M1A1, M1A1C или M1A2');
INSERT INTO `Weapon` (`ID`, `Type`, `Calibre`, `Name`) VALUES ('52', 'Нарезная пушка', '76,2 мм (3 дюйма)', 'Ordnance Quick-Firing 17-pounder (сокр. QF 17-pdr)');
INSERT INTO `Weapon` (`ID`, `Type`, `Calibre`, `Name`) VALUES ('53', 'Две различные ракеты, входящие в состав комплекса.', '915 мм', 'Ракета 9М83 и Ракета 9М82');
INSERT INTO `Weapon` (`ID`, `Type`, `Calibre`, `Name`) VALUES ('54', 'Зенитная управляемая ракета', '315 мм', '9М317М (и/или 9М317МЭ для экспортной версии)');
INSERT INTO `Weapon` (`ID`, `Type`, `Calibre`, `Name`) VALUES ('55', 'Зенитная управляемая ракета', '206 мм', '9М33');
INSERT INTO `Weapon` (`ID`, `Type`, `Calibre`, `Name`) VALUES ('56', 'Зенитная управляемая ракета', '72 мм', '');
INSERT INTO `Weapon` (`ID`, `Type`, `Calibre`, `Name`) VALUES ('57', 'Ракета класса \"земля-воздух\" малой дальности', '72 мм', '9М336');
INSERT INTO `Weapon` (`ID`, `Type`, `Calibre`, `Name`) VALUES ('58', 'Многоствольная зенитная артиллерийская установка', '23 мм', '2А7');
INSERT INTO `Weapon` (`ID`, `Type`, `Calibre`, `Name`) VALUES ('59', 'Спаренная зенитная артиллерийская установка', '23×152 мм', '2А14');
INSERT INTO `Weapon` (`ID`, `Type`, `Calibre`, `Name`) VALUES ('60', 'Буксируемое зенитное орудие', '57 мм', '57-мм автоматическая зенитная пушка С-60');
INSERT INTO `Weapon` (`ID`, `Type`, `Calibre`, `Name`) VALUES ('61', 'Танковый пулемёт', '7.62×54 мм R', 'ПКТ (Пулемёт Калашникова Танковый)');
INSERT INTO `Weapon` (`ID`, `Type`, `Calibre`, `Name`) VALUES ('62', 'Радиоэлектронное', '', 'Комплекс радиоэлектронной борьбы 1Л271 \"Леер-2\"');
INSERT INTO `Weapon` (`ID`, `Type`, `Calibre`, `Name`) VALUES ('63', 'Радиоэлектронное', '', 'Комплекс радиоэлектронной борьбы Р-330Ж «Житель»');
INSERT INTO `Weapon` (`ID`, `Type`, `Calibre`, `Name`) VALUES ('64', 'Радиоэлектронное (станция помех радиовзрывателям)', '', '1Л262Э «Ртуть-БМ» (известна также как СПР-2М)');
INSERT INTO `Weapon` (`ID`, `Type`, `Calibre`, `Name`) VALUES ('65', 'Нарезная танковая пушка', '76-мм', 'M32');
INSERT INTO `Weapon` (`ID`, `Type`, `Calibre`, `Name`) VALUES ('66', 'куррук', 'кур', 'укук');
INSERT INTO `Weapon` (`ID`, `Type`, `Calibre`, `Name`) VALUES ('67', 'пушка', '23 мм и 30 мм.', 'гаусс');
INSERT INTO `Weapon` (`ID`, `Type`, `Calibre`, `Name`) VALUES ('68', 'вы', '324', 'вы');
INSERT INTO `Weapon` (`ID`, `Type`, `Calibre`, `Name`) VALUES ('69', 'выв', '2', 'вывы');

--
-- Table structure for table `user_favorites`
--
DROP TABLE IF EXISTS `user_favorites`;
CREATE TABLE `user_favorites` (
  `id` int(11) NOT NULL AUTO_INCREMENT,
  `user_id` int(11) NOT NULL,
  `article_id` int(11) NOT NULL,
  `added_at` timestamp NOT NULL DEFAULT current_timestamp(),
  PRIMARY KEY (`id`),
  UNIQUE KEY `unique_favorite` (`user_id`,`article_id`),
  CONSTRAINT `user_favorites_ibfk_1` FOREIGN KEY (`user_id`) REFERENCES `Users` (`ID`) ON DELETE CASCADE
) ENGINE=InnoDB AUTO_INCREMENT=38 DEFAULT CHARSET=utf8mb4 COLLATE=utf8mb4_unicode_ci;

--
-- Dumping data for table `user_favorites`
--
INSERT INTO `user_favorites` (`id`, `user_id`, `article_id`, `added_at`) VALUES ('11', '6', '28', '2025-10-11 19:24:49');
INSERT INTO `user_favorites` (`id`, `user_id`, `article_id`, `added_at`) VALUES ('37', '6', '46', '2025-11-15 10:16:30');

--
-- Table structure for table `vehicle_images`
--
DROP TABLE IF EXISTS `vehicle_images`;
CREATE TABLE `vehicle_images` (
  `ID` int(11) NOT NULL AUTO_INCREMENT,
  `Vehicle_ID` int(11) NOT NULL,
  `ImagePath` varchar(255) NOT NULL,
  `ImageType` varchar(50) NOT NULL,
  `UploadDate` timestamp NOT NULL DEFAULT current_timestamp(),
  PRIMARY KEY (`ID`),
  KEY `Vehicle_ID` (`Vehicle_ID`),
  CONSTRAINT `vehicle_images_ibfk_1` FOREIGN KEY (`Vehicle_ID`) REFERENCES `Vehicle` (`ID`) ON DELETE CASCADE
) ENGINE=InnoDB AUTO_INCREMENT=76 DEFAULT CHARSET=utf8mb4 COLLATE=utf8mb4_unicode_ci;

--
-- Dumping data for table `vehicle_images`
--
INSERT INTO `vehicle_images` (`ID`, `Vehicle_ID`, `ImagePath`, `ImageType`, `UploadDate`) VALUES ('5', '9', 'uploads/fighter_9_1760028713.jpg', 'JPEG', '2025-10-09 23:52:55');
INSERT INTO `vehicle_images` (`ID`, `Vehicle_ID`, `ImagePath`, `ImageType`, `UploadDate`) VALUES ('6', '10', 'uploads/fighter_10_1760028944.jpg', 'JPEG', '2025-10-09 23:56:46');
INSERT INTO `vehicle_images` (`ID`, `Vehicle_ID`, `ImagePath`, `ImageType`, `UploadDate`) VALUES ('7', '11', 'uploads/fighter_11_1760029171.jpg', 'JPEG', '2025-10-10 00:00:34');
INSERT INTO `vehicle_images` (`ID`, `Vehicle_ID`, `ImagePath`, `ImageType`, `UploadDate`) VALUES ('8', '12', 'uploads/fighter_12_1760029318.jpg', 'JPEG', '2025-10-10 00:03:00');
INSERT INTO `vehicle_images` (`ID`, `Vehicle_ID`, `ImagePath`, `ImageType`, `UploadDate`) VALUES ('9', '20', 'uploads/fighter_20_1760086210.jpg', 'JPEG', '2025-10-10 15:51:14');
INSERT INTO `vehicle_images` (`ID`, `Vehicle_ID`, `ImagePath`, `ImageType`, `UploadDate`) VALUES ('10', '21', 'uploads/fighter_21_1760094935.jpg', 'JPEG', '2025-10-10 18:16:39');
INSERT INTO `vehicle_images` (`ID`, `Vehicle_ID`, `ImagePath`, `ImageType`, `UploadDate`) VALUES ('11', '23', 'uploads/fighter_23_1760103118.jpg', 'JPEG', '2025-10-10 20:33:03');
INSERT INTO `vehicle_images` (`ID`, `Vehicle_ID`, `ImagePath`, `ImageType`, `UploadDate`) VALUES ('12', '24', 'uploads/fighter_24_1760103752.jpg', 'JPEG', '2025-10-10 20:43:37');
INSERT INTO `vehicle_images` (`ID`, `Vehicle_ID`, `ImagePath`, `ImageType`, `UploadDate`) VALUES ('13', '26', 'uploads/fighter_26_1760105193.jpg', 'JPEG', '2025-10-10 21:07:38');
INSERT INTO `vehicle_images` (`ID`, `Vehicle_ID`, `ImagePath`, `ImageType`, `UploadDate`) VALUES ('15', '29', 'uploads/fighter_29_1760260791.jpg', 'JPEG', '2025-10-12 16:21:00');
INSERT INTO `vehicle_images` (`ID`, `Vehicle_ID`, `ImagePath`, `ImageType`, `UploadDate`) VALUES ('16', '30', 'uploads/fighter_30_1760261045.jpg', 'JPEG', '2025-10-12 16:25:14');
INSERT INTO `vehicle_images` (`ID`, `Vehicle_ID`, `ImagePath`, `ImageType`, `UploadDate`) VALUES ('17', '31', 'uploads/fighter_31_1760261508.jpg', 'JPEG', '2025-10-12 16:32:57');
INSERT INTO `vehicle_images` (`ID`, `Vehicle_ID`, `ImagePath`, `ImageType`, `UploadDate`) VALUES ('18', '33', 'uploads/fighter_33_1760351558.jpg', 'JPEG', '2025-10-13 17:33:50');
INSERT INTO `vehicle_images` (`ID`, `Vehicle_ID`, `ImagePath`, `ImageType`, `UploadDate`) VALUES ('19', '34', 'uploads/helicopter_34_1760356295.jpg', 'JPEG', '2025-10-13 18:52:47');
INSERT INTO `vehicle_images` (`ID`, `Vehicle_ID`, `ImagePath`, `ImageType`, `UploadDate`) VALUES ('20', '35', 'uploads/helicopter_35_1760366101.jpeg', 'JPEG', '2025-10-13 21:36:14');
INSERT INTO `vehicle_images` (`ID`, `Vehicle_ID`, `ImagePath`, `ImageType`, `UploadDate`) VALUES ('21', '36', 'uploads/helicopter_36_1760366322.jpg', 'JPEG', '2025-10-13 21:39:54');
INSERT INTO `vehicle_images` (`ID`, `Vehicle_ID`, `ImagePath`, `ImageType`, `UploadDate`) VALUES ('22', '37', 'uploads/helicopter_37_1760366520.jpg', 'JPEG', '2025-10-13 21:43:13');
INSERT INTO `vehicle_images` (`ID`, `Vehicle_ID`, `ImagePath`, `ImageType`, `UploadDate`) VALUES ('23', '38', 'uploads/helicopter_38_1760366638.jpg', 'JPEG', '2025-10-13 21:45:10');
INSERT INTO `vehicle_images` (`ID`, `Vehicle_ID`, `ImagePath`, `ImageType`, `UploadDate`) VALUES ('24', '39', 'uploads/helicopter_39_1760367328.jpg', 'JPEG', '2025-10-13 21:56:41');
INSERT INTO `vehicle_images` (`ID`, `Vehicle_ID`, `ImagePath`, `ImageType`, `UploadDate`) VALUES ('25', '40', 'uploads/helicopter_40_1760367470.jpg', 'JPEG', '2025-10-13 21:59:02');
INSERT INTO `vehicle_images` (`ID`, `Vehicle_ID`, `ImagePath`, `ImageType`, `UploadDate`) VALUES ('26', '41', 'uploads/helicopter_41_1760367670.jpg', 'JPEG', '2025-10-13 22:02:22');
INSERT INTO `vehicle_images` (`ID`, `Vehicle_ID`, `ImagePath`, `ImageType`, `UploadDate`) VALUES ('27', '42', 'uploads/helicopter_42_1760367812.jpg', 'JPEG', '2025-10-13 22:04:44');
INSERT INTO `vehicle_images` (`ID`, `Vehicle_ID`, `ImagePath`, `ImageType`, `UploadDate`) VALUES ('28', '43', 'uploads/helicopter_43_1760368009.jpeg', 'JPEG', '2025-10-13 22:08:02');
INSERT INTO `vehicle_images` (`ID`, `Vehicle_ID`, `ImagePath`, `ImageType`, `UploadDate`) VALUES ('29', '44', 'uploads/helicopter_44_1760368192.jpg', 'JPEG', '2025-10-13 22:11:04');
INSERT INTO `vehicle_images` (`ID`, `Vehicle_ID`, `ImagePath`, `ImageType`, `UploadDate`) VALUES ('30', '45', 'uploads/helicopter_45_1760368379.jpg', 'JPEG', '2025-10-13 22:14:12');
INSERT INTO `vehicle_images` (`ID`, `Vehicle_ID`, `ImagePath`, `ImageType`, `UploadDate`) VALUES ('31', '46', 'uploads/bomber_46_1760370926.jpg', 'JPEG', '2025-10-13 22:56:38');
INSERT INTO `vehicle_images` (`ID`, `Vehicle_ID`, `ImagePath`, `ImageType`, `UploadDate`) VALUES ('32', '47', 'uploads/bomber_47_1760372312.jpg', 'JPEG', '2025-10-13 23:19:45');
INSERT INTO `vehicle_images` (`ID`, `Vehicle_ID`, `ImagePath`, `ImageType`, `UploadDate`) VALUES ('33', '48', 'uploads/bomber_48_1760372564.jpg', 'JPEG', '2025-10-13 23:23:57');
INSERT INTO `vehicle_images` (`ID`, `Vehicle_ID`, `ImagePath`, `ImageType`, `UploadDate`) VALUES ('34', '49', 'uploads/bomber_49_1760445498.jpg', 'JPEG', '2025-10-14 19:39:33');
INSERT INTO `vehicle_images` (`ID`, `Vehicle_ID`, `ImagePath`, `ImageType`, `UploadDate`) VALUES ('35', '50', 'uploads/bomber_50_1760445707.jpg', 'JPEG', '2025-10-14 19:43:02');
INSERT INTO `vehicle_images` (`ID`, `Vehicle_ID`, `ImagePath`, `ImageType`, `UploadDate`) VALUES ('36', '51', 'uploads/bomber_51_1760445974.jpg', 'JPEG', '2025-10-14 19:47:29');
INSERT INTO `vehicle_images` (`ID`, `Vehicle_ID`, `ImagePath`, `ImageType`, `UploadDate`) VALUES ('37', '52', 'uploads/bomber_52_1760448687.jpg', 'JPEG', '2025-10-14 20:32:42');
INSERT INTO `vehicle_images` (`ID`, `Vehicle_ID`, `ImagePath`, `ImageType`, `UploadDate`) VALUES ('38', '53', 'uploads/bomber_53_1760449649.jpg', 'JPEG', '2025-10-14 20:48:44');
INSERT INTO `vehicle_images` (`ID`, `Vehicle_ID`, `ImagePath`, `ImageType`, `UploadDate`) VALUES ('39', '54', 'uploads/bomber_54_1760450247.JPG', 'JPEG', '2025-10-14 20:58:42');
INSERT INTO `vehicle_images` (`ID`, `Vehicle_ID`, `ImagePath`, `ImageType`, `UploadDate`) VALUES ('40', '55', 'uploads/tank_55_1760530674.jpg', 'JPEG', '2025-10-15 19:19:12');
INSERT INTO `vehicle_images` (`ID`, `Vehicle_ID`, `ImagePath`, `ImageType`, `UploadDate`) VALUES ('42', '57', 'uploads/tank_57_1760531517.jpg', 'JPEG', '2025-10-15 19:33:15');
INSERT INTO `vehicle_images` (`ID`, `Vehicle_ID`, `ImagePath`, `ImageType`, `UploadDate`) VALUES ('43', '58', 'uploads/tank_58_1760531821.jpg', 'JPEG', '2025-10-15 19:38:19');
INSERT INTO `vehicle_images` (`ID`, `Vehicle_ID`, `ImagePath`, `ImageType`, `UploadDate`) VALUES ('44', '59', 'uploads/tank_59_1760531983.jpg', 'JPEG', '2025-10-15 19:41:01');
INSERT INTO `vehicle_images` (`ID`, `Vehicle_ID`, `ImagePath`, `ImageType`, `UploadDate`) VALUES ('45', '60', 'uploads/tank_60_1760532187.jpg', 'JPEG', '2025-10-15 19:44:25');
INSERT INTO `vehicle_images` (`ID`, `Vehicle_ID`, `ImagePath`, `ImageType`, `UploadDate`) VALUES ('46', '61', 'uploads/tank_61_1760532415.JPG', 'JPEG', '2025-10-15 19:48:13');
INSERT INTO `vehicle_images` (`ID`, `Vehicle_ID`, `ImagePath`, `ImageType`, `UploadDate`) VALUES ('47', '62', 'uploads/tank_62_1760532576.jpg', 'JPEG', '2025-10-15 19:50:54');
INSERT INTO `vehicle_images` (`ID`, `Vehicle_ID`, `ImagePath`, `ImageType`, `UploadDate`) VALUES ('48', '63', 'uploads/tank_63_1760536207.jpg', 'JPEG', '2025-10-15 20:51:25');
INSERT INTO `vehicle_images` (`ID`, `Vehicle_ID`, `ImagePath`, `ImageType`, `UploadDate`) VALUES ('49', '64', 'uploads/tank_64_1760536368.jpeg', 'JPEG', '2025-10-15 20:54:07');
INSERT INTO `vehicle_images` (`ID`, `Vehicle_ID`, `ImagePath`, `ImageType`, `UploadDate`) VALUES ('51', '66', 'uploads/pvo_66_1760541716.jpg', 'JPEG', '2025-10-15 22:23:15');
INSERT INTO `vehicle_images` (`ID`, `Vehicle_ID`, `ImagePath`, `ImageType`, `UploadDate`) VALUES ('52', '67', 'uploads/pvo_67_1760545186.jpg', 'JPEG', '2025-10-15 23:21:05');
INSERT INTO `vehicle_images` (`ID`, `Vehicle_ID`, `ImagePath`, `ImageType`, `UploadDate`) VALUES ('53', '68', 'uploads/pvo_68_1760615230.jpg', 'JPEG', '2025-10-16 18:48:31');
INSERT INTO `vehicle_images` (`ID`, `Vehicle_ID`, `ImagePath`, `ImageType`, `UploadDate`) VALUES ('54', '69', 'uploads/pvo_69_1760615516.jpg', 'JPEG', '2025-10-16 18:53:17');
INSERT INTO `vehicle_images` (`ID`, `Vehicle_ID`, `ImagePath`, `ImageType`, `UploadDate`) VALUES ('55', '70', 'uploads/pvo_70_1760615698.jpg', 'JPEG', '2025-10-16 18:56:18');
INSERT INTO `vehicle_images` (`ID`, `Vehicle_ID`, `ImagePath`, `ImageType`, `UploadDate`) VALUES ('56', '71', 'uploads/pvo_71_1760615906.jpg', 'JPEG', '2025-10-16 18:59:46');
INSERT INTO `vehicle_images` (`ID`, `Vehicle_ID`, `ImagePath`, `ImageType`, `UploadDate`) VALUES ('57', '72', 'uploads/pvo_72_1760616136.jpg', 'JPEG', '2025-10-16 19:03:37');
INSERT INTO `vehicle_images` (`ID`, `Vehicle_ID`, `ImagePath`, `ImageType`, `UploadDate`) VALUES ('58', '73', 'uploads/pvo_73_1760616447.jpg', 'JPEG', '2025-10-16 19:08:48');
INSERT INTO `vehicle_images` (`ID`, `Vehicle_ID`, `ImagePath`, `ImageType`, `UploadDate`) VALUES ('59', '74', 'uploads/recon_74_1760619820.jpg', 'JPEG', '2025-10-16 20:05:01');
INSERT INTO `vehicle_images` (`ID`, `Vehicle_ID`, `ImagePath`, `ImageType`, `UploadDate`) VALUES ('60', '75', 'uploads/recon_75_1760620123.jpg', 'JPEG', '2025-10-16 20:10:04');
INSERT INTO `vehicle_images` (`ID`, `Vehicle_ID`, `ImagePath`, `ImageType`, `UploadDate`) VALUES ('61', '76', 'uploads/recon_76_1760620489.jpg', 'JPEG', '2025-10-16 20:16:10');
INSERT INTO `vehicle_images` (`ID`, `Vehicle_ID`, `ImagePath`, `ImageType`, `UploadDate`) VALUES ('62', '77', 'uploads/recon_77_1760620705.jpg', 'JPEG', '2025-10-16 20:19:46');
INSERT INTO `vehicle_images` (`ID`, `Vehicle_ID`, `ImagePath`, `ImageType`, `UploadDate`) VALUES ('68', '56', 'uploads/vehicle_images/vehicle_56_1761241029.jpg', 'image/jpeg', '2025-10-24 00:38:48');
INSERT INTO `vehicle_images` (`ID`, `Vehicle_ID`, `ImagePath`, `ImageType`, `UploadDate`) VALUES ('69', '78', 'uploads/vehicle_images/vehicle_78_1761570866.jpg', 'image/jpeg', '2025-10-27 20:16:14');
INSERT INTO `vehicle_images` (`ID`, `Vehicle_ID`, `ImagePath`, `ImageType`, `UploadDate`) VALUES ('71', '80', 'uploads/vehicle_images/vehicle_80_1763174213.png', 'image/png', '2025-11-15 09:41:00');
INSERT INTO `vehicle_images` (`ID`, `Vehicle_ID`, `ImagePath`, `ImageType`, `UploadDate`) VALUES ('73', '83', 'uploads/vehicle_images/recon_83_1763361921.png', 'image/png', '2025-11-17 13:48:04');
INSERT INTO `vehicle_images` (`ID`, `Vehicle_ID`, `ImagePath`, `ImageType`, `UploadDate`) VALUES ('74', '84', 'uploads/recon_84_1763362625.jpg', 'JPEG', '2025-11-17 13:59:48');
INSERT INTO `vehicle_images` (`ID`, `Vehicle_ID`, `ImagePath`, `ImageType`, `UploadDate`) VALUES ('75', '85', 'uploads/recon_85_1763362988.jpg', 'JPEG', '2025-11-17 14:05:51');

